apelido,posicao,clube,jogos,status,preco,variacao_pr,pontos,media_pts,FS,PE,A,FT,FD,FF,G,I,PP,RB,FC,GC,CA,CV,SG,DD,DP,GS
Renato Cajá,Meia,ponte preta,7,Provável,29.01,-1.42,1.10,9.01,5,34,2,2,8,9,4,2,0,10,9,0,2,0,0,0,0,0
Robinho,Atacante,santos,4,Nulo,28.72,0.00,0.00,6.10,4,24,1,0,4,4,2,3,0,4,3,0,1,0,0,0,0,0
Diego Souza,Meia,sport,7,Provável,28.52,-1.51,-1.90,3.91,12,18,0,0,3,4,3,3,0,5,8,0,2,0,0,0,0,1
Luan,Atacante,grêmio,7,Provável,28.44,0.49,4.20,5.42,28,27,2,1,5,3,1,2,0,7,11,0,1,0,0,0,0,0
Luan,Atacante,atlético-mg,5,Contundido,28.21,0.00,0.00,8.38,4,26,2,0,2,2,2,4,0,14,7,0,0,0,0,0,0,0
Rogério Ceni,Goleiro,são paulo,7,Provável,27.96,-0.95,5.00,8.32,0,6,0,0,0,0,2,0,0,0,0,0,1,0,4,9,1,4
Zé Roberto,Lateral,palmeiras,7,Provável,27.04,-0.68,0.20,7.00,11,13,2,0,4,3,1,0,0,9,4,0,0,0,2,0,0,0
D'Alessandro,Meia,internacional,0,Contundido,27.00,0.00,0.00,0.00,0,0,0,0,0,0,0,0,0,0,0,0,0,0,0,0,0,0
Fred,Atacante,fluminense,6,Contundido,25.42,0.00,0.00,6.23,16,8,1,0,6,3,3,1,0,1,13,0,0,0,0,0,0,0
Leandro Damião,Atacante,cruzeiro,4,Provável,24.65,2.27,15.00,6.80,8,8,1,0,2,4,2,1,0,4,5,0,2,0,0,0,0,0
Weverton,Goleiro,atlético-pr,7,Provável,23.90,0.05,5.00,6.22,6,5,0,0,0,0,0,0,0,0,0,0,2,0,4,12,0,5
Rodinei,Lateral,ponte preta,7,Provável,23.67,0.68,6.80,7.81,8,12,4,0,1,2,0,2,0,12,5,0,0,0,3,0,0,0
Paolo Guerrero,Atacante,flamengo,2,Nulo,23.49,0.00,0.00,2.15,7,5,0,0,1,2,0,1,0,2,6,0,0,0,0,0,0,0
Edson,Meia,fluminense,7,Provável,22.69,0.23,3.50,5.02,14,21,0,1,1,5,0,1,0,22,13,0,2,0,0,0,0,0
Renan,Goleiro,goiás,7,Provável,22.65,2.00,8.00,7.16,2,3,0,0,0,0,0,0,0,0,0,0,0,0,4,12,0,3
Everton,Meia,flamengo,6,Provável,22.11,-1.02,0.20,3.27,9,20,0,0,3,3,2,11,0,10,11,0,3,0,0,0,0,0
Lucas Pratto,Atacante,atlético-mg,5,Provável,21.94,0.00,0.00,5.46,4,12,1,2,6,5,1,1,0,2,7,0,0,0,0,0,0,0
Marcelo Lomba,Goleiro,ponte preta,7,Provável,21.17,2.68,14.00,8.41,1,2,0,0,0,0,0,0,0,0,0,0,0,0,3,17,1,7
Cássio,Goleiro,corinthians,7,Provável,20.78,-0.44,1.20,5.34,1,7,0,0,0,0,0,0,0,0,0,0,1,0,4,11,0,6
Rodrigo,Zagueiro,vasco,7,Provável,20.59,1.19,7.90,4.93,7,26,0,0,6,2,1,0,0,12,6,0,2,0,2,0,0,0
Marlon,Zagueiro,fluminense,1,Nulo,20.33,0.00,0.00,11.70,0,0,1,0,0,0,0,0,0,1,0,0,0,0,1,0,0,0
Vitor Hugo,Zagueiro,palmeiras,7,Provável,19.36,1.33,6.30,7.00,5,13,0,1,2,4,2,0,0,13,12,0,0,0,2,0,0,0
Gil,Zagueiro,corinthians,6,Provável,19.26,-2.14,-0.90,3.40,2,6,0,1,1,1,0,1,0,5,6,0,2,0,3,0,0,0
Geuvânio,Atacante,santos,6,Provável,19.24,0.00,0.00,5.08,10,15,0,0,4,8,2,1,0,7,10,0,1,0,0,0,0,0
Élber,Meia,sport,4,Contundido,19.12,0.00,0.00,5.57,11,9,0,0,3,0,1,0,0,5,0,0,0,0,0,0,0,0
Aránguiz,Meia,internacional,0,Nulo,19.00,0.00,0.00,0.00,0,0,0,0,0,0,0,0,0,0,0,0,0,0,0,0,0,0
Rafael Marques,Atacante,palmeiras,6,Provável,18.78,2.01,10.30,5.17,9,23,0,0,5,5,3,1,0,2,4,0,0,0,0,0,0,0
Jadson,Meia,corinthians,6,Provável,18.73,0.46,8.60,5.05,5,34,1,0,6,3,2,1,0,7,1,0,1,0,0,0,0,0
Souza,Meia,são paulo,6,Provável,18.51,1.91,9.40,4.22,5,8,0,0,1,3,1,1,0,13,11,0,1,0,0,0,0,0
Martín Silva,Goleiro,vasco,4,Nulo,18.51,0.00,0.00,4.47,1,2,0,0,0,0,0,0,0,0,0,0,1,0,2,6,0,4
Rafhael Lucas,Atacante,coritiba,7,Provável,18.46,-0.63,-0.80,2.23,6,10,0,0,4,5,1,4,0,3,6,0,0,0,0,0,0,0
Marcelo Grohe,Goleiro,grêmio,4,Nulo,18.29,0.00,0.00,1.50,1,5,0,0,0,0,0,0,0,0,0,0,2,0,1,6,0,6
Dátolo,Meia,atlético-mg,4,Provável,18.11,0.00,0.00,5.43,2,11,0,1,2,3,2,0,0,2,6,0,0,0,0,0,0,0
Ricardo Oliveira,Atacante,santos,6,Provável,18.07,0.00,0.00,3.63,4,10,0,1,3,7,3,7,1,2,10,0,2,0,0,0,0,0
Nilmar,Atacante,internacional,4,Nulo,17.94,0.77,10.00,7.50,8,8,0,0,0,3,3,1,0,4,4,0,1,0,0,0,0,0
Arrascaeta,Meia,cruzeiro,2,Nulo,17.77,0.00,0.00,2.35,3,5,0,0,3,0,0,0,0,1,0,0,0,0,0,0,0,0
Walter,Atacante,atlético-pr,6,Provável,17.43,-0.97,-0.60,2.53,6,32,2,0,6,10,1,6,0,4,12,0,1,1,0,0,0,0
Willian,Atacante,cruzeiro,6,Provável,17.28,0.67,8.00,3.70,12,18,1,0,4,6,0,4,0,12,12,0,2,0,0,0,0,0
Rildo,Atacante,ponte preta,2,Nulo,17.24,0.00,0.00,4.95,7,5,0,0,2,1,1,1,0,1,4,0,1,0,0,0,0,0
Natanael,Lateral,atlético-pr,6,Nulo,16.92,0.00,0.00,5.17,4,22,0,0,0,2,0,0,0,11,5,0,1,0,4,0,0,0
Yuri Mamute,Atacante,grêmio,7,Dúvida,16.82,-0.67,-0.30,2.64,17,18,0,0,2,3,2,4,0,4,11,0,2,0,0,0,0,0
Jemerson,Zagueiro,atlético-mg,5,Provável,16.68,0.00,0.00,4.90,2,3,0,0,1,1,2,0,0,6,5,1,0,0,1,0,0,0
Luis Fabiano,Atacante,são paulo,7,Suspenso,16.63,-0.82,0.80,2.04,4,13,1,1,2,6,2,3,0,0,14,0,3,0,0,0,0,0
Guiñazu,Meia,vasco,6,Provável,16.34,-0.05,5.40,3.40,12,8,0,0,0,1,0,0,0,18,17,0,3,0,0,0,0,0
Fernando Bob,Meia,ponte preta,7,Provável,16.28,1.17,7.50,4.20,9,19,0,0,0,2,0,0,0,26,26,0,1,0,0,0,0,0
Tite,Técnico,corinthians,7,Provável,16.09,-0.21,3.08,3.82,0,0,0,0,0,0,0,0,0,0,0,0,0,0,0,0,0,0
Marcos Rocha,Lateral,atlético-mg,0,Contundido,16.00,0.00,0.00,0.00,0,0,0,0,0,0,0,0,0,0,0,0,0,0,0,0,0,0
Oliveira,Goleiro,joinville,6,Nulo,15.92,0.00,0.00,3.55,2,9,0,0,0,0,0,0,0,0,0,0,0,0,1,12,0,9
Fábio Santos,Lateral,corinthians,6,Provável,15.85,-2.28,-1.70,4.92,11,26,1,0,0,0,1,1,0,4,5,0,0,0,3,0,0,0
Giuliano,Meia,grêmio,7,Dúvida,15.80,1.10,6.00,6.06,5,18,2,0,2,2,3,1,0,7,7,0,0,0,0,0,0,0
Ganso,Meia,são paulo,5,Contundido,15.32,0.00,0.00,2.58,8,16,1,0,1,3,0,0,0,8,8,0,2,0,0,0,0,0
Luan,Zagueiro,vasco,7,Provável,15.25,-0.60,-1.20,2.51,10,26,0,0,1,2,0,0,0,10,10,0,2,0,2,0,0,0
Marquinhos,Meia,avaí,5,Provável,15.23,-1.60,-0.90,2.24,11,40,1,1,1,3,1,0,0,3,6,0,2,0,0,0,0,0
Wallace,Zagueiro,flamengo,7,Provável,15.14,2.19,10.90,3.79,8,20,0,0,3,3,0,0,0,12,10,0,1,0,2,0,0,0
Dória,Zagueiro,são paulo,7,Provável,15.02,0.18,4.20,4.40,3,14,0,0,1,2,1,0,0,3,4,0,0,0,4,0,0,0
Eduardo Sasha,Atacante,internacional,0,Contundido,15.00,0.00,0.00,0.00,0,0,0,0,0,0,0,0,0,0,0,0,0,0,0,0,0,0
Rithely,Meia,sport,7,Provável,14.96,0.76,6.30,4.63,4,24,2,0,1,3,0,1,0,20,14,0,1,0,0,0,0,0
Marcos Guilherme ,Meia,atlético-pr,1,Nulo,14.95,0.00,0.00,5.90,3,1,1,0,0,1,0,0,0,0,2,0,0,0,0,0,0,0
Jean,Meia,fluminense,7,Provável,14.82,0.66,3.80,1.57,2,26,0,0,4,2,1,0,0,7,11,0,1,0,0,0,0,0
Gilson,Lateral,ponte preta,6,Provável,14.77,1.99,7.70,4.63,10,17,0,0,1,1,0,2,0,11,9,0,1,0,3,0,0,0
Cleiton Xavier,Meia,palmeiras,3,Provável,14.68,0.54,3.30,1.17,2,9,1,0,0,1,0,0,0,0,1,0,0,0,0,0,0,0
Vitinho,Atacante,internacional,7,Nulo,14.58,-1.57,-0.90,2.91,4,16,0,0,1,5,2,1,0,6,6,0,2,0,0,0,0,0
Giovanni,Lateral,fluminense,6,Provável,14.52,-1.18,1.80,3.80,3,18,0,0,2,2,0,0,0,9,4,0,0,1,3,0,0,0
Levir Culpi,Técnico,atlético-mg,6,Provável,14.50,0.00,0.00,4.26,0,0,0,0,0,0,0,0,0,0,0,0,0,0,0,0,0,0
Michel Bastos,Meia,são paulo,5,Provável,14.42,-0.72,-0.30,3.72,1,22,0,0,0,5,2,2,0,6,4,0,1,0,0,0,0,0
Diego Cavalieri,Goleiro,fluminense,7,Provável,14.41,0.91,8.70,4.59,0,3,0,0,0,0,0,0,0,0,0,0,2,0,4,11,0,8
Wellington Silva,Lateral,fluminense,5,Contundido,14.30,0.00,0.00,3.76,4,12,0,0,0,2,0,0,0,5,5,0,1,0,3,0,0,0
Edílson,Lateral,corinthians,4,Nulo,14.28,0.00,0.00,4.67,5,8,1,0,0,0,0,0,0,3,5,0,2,0,3,0,0,0
Valdivia,Meia,palmeiras,4,Nulo,14.07,0.00,0.00,2.05,14,23,0,0,3,3,0,2,0,5,1,0,2,0,0,0,0,0
Guilherme,Meia,atlético-mg,1,Nulo,13.97,0.00,0.00,0.40,0,1,0,0,0,1,0,0,0,0,0,0,0,0,0,0,0,0
Gum,Zagueiro,fluminense,7,Suspenso,13.91,-3.20,-7.00,2.81,3,18,0,0,2,2,0,0,0,6,6,0,1,1,4,0,0,0
Leonardo Silva,Zagueiro,atlético-mg,5,Provável,13.80,0.00,0.00,4.64,5,11,1,0,0,2,0,1,0,13,10,0,2,0,1,0,0,0
Alecsandro,Atacante,palmeiras,5,Nulo,13.73,0.81,4.10,2.88,6,10,1,0,3,6,1,4,0,1,7,0,1,0,0,0,0,0
Dudu,Atacante,palmeiras,5,Nulo,13.72,0.08,4.80,2.44,10,20,1,0,3,2,0,5,0,4,1,0,0,0,0,0,0,0
Willians,Meia,cruzeiro,5,Suspenso,13.72,-2.00,-3.40,2.08,7,14,0,0,0,2,0,0,0,16,13,0,3,1,0,0,0,0
Roger,Atacante,chapecoense,4,Nulo,13.62,0.00,0.00,3.17,8,10,1,0,6,1,1,3,0,0,5,0,2,0,0,0,0,0
Madson,Lateral,vasco,7,Provável,13.60,1.42,5.50,2.65,13,19,0,0,1,1,0,1,0,5,4,0,0,0,2,0,0,0
Victor,Goleiro,atlético-mg,6,Provável,13.58,0.00,0.00,0.55,1,4,0,0,0,0,0,0,0,0,0,0,0,0,1,5,0,8
Matheus Ferraz,Zagueiro,sport,7,Provável,13.54,-0.48,0.40,3.80,5,18,0,0,1,3,1,0,0,7,9,0,2,0,3,0,0,0
Bruno Henrique,Atacante,goiás,6,Provável,13.31,-0.23,2.60,4.73,19,17,0,0,6,8,2,2,0,7,11,0,2,1,0,0,0,0
Marquinhos,Atacante,cruzeiro,6,Provável,13.30,0.07,7.00,5.13,7,23,2,0,2,9,1,3,0,7,5,0,0,0,0,0,0,0
Gerson,Meia,fluminense,7,Provável,13.28,-0.24,0.40,2.16,12,20,1,0,4,3,0,3,0,5,6,0,0,0,0,0,0,0
Gabriel,Meia,palmeiras,7,Provável,13.27,-0.42,3.60,3.70,11,15,0,0,1,4,1,0,0,13,14,0,1,0,0,0,0,0
Borges,Atacante,ponte preta,5,Nulo,13.23,0.00,0.00,1.78,0,3,0,0,3,3,1,2,0,1,4,0,1,0,0,0,0,0
Ananias,Atacante,chapecoense,7,Provável,13.12,0.33,1.90,3.81,19,17,1,0,3,1,1,0,0,8,8,0,2,0,0,0,0,0
Léo,Zagueiro,cruzeiro,1,Nulo,13.08,0.00,0.00,0.40,0,5,0,0,0,1,0,0,0,1,1,0,0,0,0,0,0,0
Guto Ferreira,Técnico,ponte preta,7,Provável,13.07,0.36,4.33,4.97,0,0,0,0,0,0,0,0,0,0,0,0,0,0,0,0,0,0
Renato Augusto,Meia,corinthians,4,Provável,13.04,1.08,5.30,2.38,8,14,0,1,4,3,0,1,0,3,5,0,1,0,0,0,0,0
Thiago Heleno,Zagueiro,figueirense,1,Contundido,13.01,0.00,0.00,5.70,0,3,0,0,0,1,0,0,0,2,1,0,1,0,1,0,0,0
Hernane,Atacante,sport,0,Nulo,13.00,0.00,0.00,0.00,0,0,0,0,0,0,0,0,0,0,0,0,0,0,0,0,0,0
Elicarlos,Meia,chapecoense,7,Provável,12.91,-0.32,0.70,3.07,14,11,0,0,0,0,1,0,0,9,7,0,1,0,0,0,0,0
Biro Biro,Atacante,ponte preta,7,Suspenso,12.89,-1.01,1.50,4.57,18,25,0,0,7,6,2,3,0,9,9,0,3,0,0,0,0,0
Kadu,Zagueiro,atlético-pr,7,Provável,12.86,-0.28,1.70,4.07,0,11,0,1,0,0,0,0,0,9,6,0,2,0,4,0,0,0
Henrique,Meia,cruzeiro,3,Contundido,12.82,0.00,0.00,6.23,6,8,0,0,2,2,1,0,0,6,3,0,1,0,0,0,0,0
Durval,Zagueiro,sport,7,Provável,12.81,-0.76,-0.10,3.65,3,20,0,0,2,0,0,1,0,8,0,0,0,0,3,0,0,0
Fernando Prass,Goleiro,palmeiras,7,Provável,12.79,0.93,3.70,3.64,4,4,0,0,0,0,0,0,0,1,0,0,0,0,2,9,0,7
Alex ,Goleiro,figueirense,6,Nulo,12.76,-0.09,1.00,6.10,1,3,0,0,0,0,0,0,0,0,0,0,0,0,1,14,0,5
Camilo,Meia,chapecoense,4,Nulo,12.71,-1.59,0.50,3.03,4,19,1,0,1,3,0,2,0,6,3,0,0,0,0,0,0,0
Kenedy,Atacante,fluminense,1,Contundido,12.58,0.00,0.00,2.90,3,1,0,0,2,1,0,1,0,0,1,0,0,0,0,0,0,0
Alexandre Pato,Atacante,são paulo,6,Dúvida,12.58,-0.91,-1.50,3.77,7,16,1,0,4,1,2,1,0,1,2,0,1,0,0,0,0,0
Victor Ferraz,Lateral,santos,6,Provável,12.52,0.00,0.00,3.27,2,19,1,0,1,0,0,0,0,9,4,0,0,0,1,0,0,0
Deivid,Meia,atlético-pr,2,Contundido,12.50,0.00,0.00,3.95,5,6,0,0,0,1,0,0,0,5,4,0,0,0,0,0,0,0
Alex,Meia,internacional,7,Nulo,12.46,-0.42,1.50,1.44,17,31,0,0,3,1,0,1,0,6,1,0,1,0,0,0,0,0
Juan Carlos Osorio,Técnico,são paulo,2,Provável,12.34,-0.40,2.35,3.84,0,0,0,0,0,0,0,0,0,0,0,0,0,0,0,0,0,0
Carlos,Atacante,atlético-mg,5,Provável,12.33,0.00,0.00,5.18,6,6,1,0,2,2,2,2,0,4,7,0,1,0,0,0,0,0
Ralf,Meia,corinthians,5,Dúvida,12.25,0.29,1.80,1.78,2,7,0,0,1,0,0,0,0,10,8,0,2,0,0,0,0,0
Felipe Macedo,Zagueiro,goiás,7,Provável,12.16,2.24,9.00,3.83,8,11,0,0,0,0,0,0,0,8,11,0,1,0,4,0,0,0
Rafael Toloi,Zagueiro,são paulo,2,Provável,12.10,0.36,7.80,3.75,0,3,0,0,0,0,0,0,0,2,0,0,0,0,1,0,0,0
Enderson Moreira,Técnico,fluminense,5,Provável,12.10,-0.43,1.17,3.66,0,0,0,0,0,0,0,0,0,0,0,0,0,0,0,0,0,0
Diego Oliveira,Atacante,ponte preta,7,Provável,12.09,0.36,1.40,3.35,14,10,0,0,3,3,2,0,0,2,6,0,1,0,0,0,0,0
Patric,Lateral,atlético-mg,6,Provável,12.06,0.00,0.00,4.32,5,23,2,0,2,2,1,5,0,7,7,0,1,0,1,0,0,0
Dedé,Zagueiro,cruzeiro,0,Contundido,12.00,0.00,0.00,0.00,0,0,0,0,0,0,0,0,0,0,0,0,0,0,0,0,0,0
Alberto Valentim,Técnico,palmeiras,1,Provável,12.00,0.62,5.34,5.34,0,0,0,0,0,0,0,0,0,0,0,0,0,0,0,0,0,0
Danilo,Goleiro,chapecoense,7,Provável,11.95,-0.53,-2.00,3.08,2,8,0,0,0,0,0,0,0,0,0,0,0,0,2,9,0,7
Thiago Ribeiro,Atacante,atlético-mg,5,Provável,11.91,0.00,0.00,3.74,1,11,0,0,4,5,2,1,0,0,3,0,0,0,0,0,0,0
Renato,Meia,santos,4,Contundido,11.83,0.00,0.00,2.83,1,6,0,0,0,0,0,0,0,8,2,0,0,0,0,0,0,0
Petros,Meia,corinthians,7,Provável,11.71,-0.08,2.30,3.14,6,11,0,0,2,0,0,0,0,14,3,0,1,0,0,0,0,0
Vinícius,Meia,fluminense,7,Provável,11.68,-0.12,0.30,3.06,6,14,0,1,1,3,2,0,0,5,9,0,2,0,0,0,0,0
Diego Aguirre,Técnico,internacional,7,Nulo,11.62,-0.56,2.34,3.39,0,0,0,0,0,0,0,0,0,0,0,0,0,0,0,0,0,0
Edu Dracena,Zagueiro,corinthians,7,Provável,11.55,-1.35,-0.60,3.75,1,8,0,0,0,2,0,3,0,6,4,0,0,0,4,0,0,0
Réver,Zagueiro,internacional,4,Contundido,11.49,0.00,0.00,3.17,3,9,0,0,1,0,0,0,0,2,1,0,0,0,2,0,0,0
Milton Mendes,Técnico,atlético-pr,7,Provável,11.40,-0.62,1.24,3.97,0,0,0,0,0,0,0,0,0,0,0,0,0,0,0,0,0,0
Uendel,Lateral,corinthians,1,Nulo,11.39,0.00,0.00,8.40,1,0,0,0,0,0,0,0,0,2,1,0,0,0,1,0,0,0
Jô,Atacante,atlético-mg,2,Nulo,11.32,0.00,0.00,2.80,4,3,0,0,0,0,1,1,0,0,2,0,1,0,0,0,0,0
Juan,Zagueiro,internacional,2,Nulo,11.26,-0.48,0.80,1.20,1,4,0,0,0,1,0,0,0,2,2,0,0,0,0,0,0,0
Egídio,Lateral,palmeiras,7,Provável,11.25,0.46,2.90,2.92,10,38,0,0,3,1,0,1,0,13,9,0,2,0,2,0,0,0
Lisandro López,Atacante,internacional,2,Nulo,11.22,0.00,0.00,-1.75,3,4,0,1,2,1,0,4,0,0,2,0,1,1,0,0,0,0
Christiano ,Lateral,vasco,5,Nulo,11.19,0.00,0.00,4.22,10,15,0,1,1,4,0,0,0,4,3,0,1,0,2,0,0,0
Gil,Meia,chapecoense,7,Provável,11.18,0.30,1.70,3.35,17,31,0,0,0,4,1,2,0,15,14,0,2,0,0,0,0,0
Eduardo Baptista,Técnico,sport,7,Provável,11.08,0.28,3.36,4.29,0,0,0,0,0,0,0,0,0,0,0,0,0,0,0,0,0,0
Josué,Meia,atlético-mg,2,Nulo,11.06,0.00,0.00,4.20,6,0,1,0,0,0,0,0,0,2,2,0,1,0,0,0,0,0
Vanderlei Luxemburgo,Técnico,cruzeiro,6,Provável,11.06,-0.13,3.05,3.28,0,0,0,0,0,0,0,0,0,0,0,0,0,0,0,0,0,0
Anderson,Meia,internacional,6,Nulo,11.05,0.00,0.00,1.50,8,26,0,0,1,1,0,0,0,13,10,0,3,0,0,0,0,0
Lucas,Lateral,palmeiras,6,Provável,11.03,1.14,4.80,2.75,6,8,0,0,1,2,0,2,0,10,13,0,3,0,2,0,0,0
Jonas,Meia,flamengo,5,Suspenso,11.01,-1.32,-3.10,2.84,12,7,0,0,0,2,0,0,0,12,9,0,1,1,0,0,0,0
Fábio,Goleiro,cruzeiro,6,Provável,10.97,-0.52,1.00,1.62,2,1,0,0,0,0,0,0,0,0,0,0,1,0,1,6,0,6
Rafael Moura,Atacante,internacional,5,Nulo,10.88,2.15,8.90,4.38,3,2,1,1,2,4,1,1,0,1,3,0,0,0,0,0,0,0
Carlinhos,Lateral,são paulo,3,Dúvida,10.88,0.08,5.30,6.13,7,11,0,0,2,1,0,1,0,5,5,0,0,0,2,0,0,0
Elias,Meia,corinthians,2,Nulo,10.88,0.00,0.00,0.00,0,4,0,0,0,0,0,0,0,1,1,0,0,0,0,0,0,0
Erik,Atacante,goiás,3,Nulo,10.84,0.00,0.00,1.23,2,4,0,0,2,1,0,0,0,1,1,0,0,0,0,0,0,0
Vanderlei,Goleiro,santos,1,Nulo,10.84,0.00,0.00,-4.30,0,1,0,0,0,0,0,0,0,0,0,0,0,0,0,0,0,2
Marquinhos,Zagueiro,figueirense,6,Suspenso,10.82,1.08,3.90,3.93,4,8,1,0,1,1,2,2,0,4,7,0,3,0,1,0,0,0
Felipe Menezes,Meia,goiás,6,Provável,10.79,0.84,3.40,2.75,5,24,2,0,6,2,0,0,0,4,2,0,1,0,0,0,0,0
Cristaldo,Atacante,palmeiras,4,Nulo,10.72,2.88,11.50,3.55,3,1,0,2,1,0,1,4,0,0,2,0,0,0,0,0,0,0
Welinton,Zagueiro,coritiba,4,Nulo,10.68,0.00,0.00,5.25,9,19,0,0,0,1,0,0,0,10,1,0,0,0,1,0,0,0
Roger Machado ,Técnico,grêmio,4,Provável,10.64,0.61,3.85,3.36,0,0,0,0,0,0,0,0,0,0,0,0,0,0,0,0,0,0
Paulo Miranda,Zagueiro,são paulo,5,Contundido,10.64,0.00,0.00,5.20,3,9,0,0,1,1,1,0,0,10,11,0,2,0,2,0,0,0
Fagner,Lateral,corinthians,4,Provável,10.61,-0.60,0.70,2.85,7,16,0,0,0,1,0,0,0,5,3,0,0,0,1,0,0,0
Elano,Meia,santos,2,Provável,10.57,0.00,0.00,2.85,4,3,0,0,1,1,0,0,0,2,1,0,0,0,0,0,0,0
Patrick,Meia,goiás,6,Provável,10.53,0.20,2.80,5.92,16,7,0,0,1,3,0,0,0,20,11,0,1,0,0,0,0,0
Emerson,Atacante,corinthians,3,Nulo,10.46,0.00,0.00,-0.40,2,3,0,0,0,0,0,0,0,1,2,0,1,0,0,0,0,0
Walace,Meia,grêmio,6,Provável,10.39,0.68,6.70,3.28,7,18,0,0,2,1,0,0,0,17,8,0,3,0,0,0,0,0
Centurión,Atacante,são paulo,3,Nulo,10.30,0.00,0.00,1.17,4,4,0,0,1,0,0,0,0,1,0,0,0,0,0,0,0,0
David Braz,Zagueiro,santos,6,Contundido,10.25,0.00,0.00,1.60,4,36,0,0,0,3,0,1,0,9,3,0,1,0,1,0,0,0
Sueliton,Lateral,joinville,5,Nulo,10.21,0.00,0.00,2.62,5,10,1,0,0,0,0,0,0,3,3,0,0,0,1,0,0,0
Felipe ,Meia,atlético-pr,4,Dúvida,10.17,-0.52,1.40,1.72,2,13,0,0,1,1,1,0,0,3,6,0,1,0,0,0,0,0
Samir ,Zagueiro,flamengo,3,Provável,10.09,0.78,8.40,7.10,4,1,0,0,0,3,0,0,0,5,2,0,0,0,2,0,0,0
Cristian,Meia,corinthians,4,Dúvida,10.07,0.17,2.90,2.75,2,11,0,0,2,2,0,0,0,7,4,0,0,0,0,0,0,0
Lucas Lima,Meia,santos,6,Suspenso,10.02,0.00,0.00,3.70,14,33,2,0,1,1,0,0,0,12,6,0,2,0,0,0,0,0
Renan Oliveira,Meia,avaí,4,Contundido,10.01,0.00,0.00,2.62,3,9,0,0,0,5,0,1,0,6,3,0,0,0,0,0,0,0
Fellype Gabriel,Meia,palmeiras,0,Nulo,10.00,0.00,0.00,0.00,0,0,0,0,0,0,0,0,0,0,0,0,0,0,0,0,0,0
Felipe,Goleiro,figueirense,0,Nulo,10.00,0.00,0.00,0.00,0,0,0,0,0,0,0,0,0,0,0,0,0,0,0,0,0,0
Júlio Baptista,Meia,cruzeiro,0,Contundido,10.00,0.00,0.00,0.00,0,0,0,0,0,0,0,0,0,0,0,0,0,0,0,0,0,0
David,Meia,goiás,0,Contundido,10.00,0.00,0.00,0.00,0,0,0,0,0,0,0,0,0,0,0,0,0,0,0,0,0,0
Richarlyson,Meia,chapecoense,0,Contundido,10.00,0.00,0.00,0.00,0,0,0,0,0,0,0,0,0,0,0,0,0,0,0,0,0,0
Juninho,Meia,figueirense,0,Contundido,10.00,0.00,0.00,0.00,0,0,0,0,0,0,0,0,0,0,0,0,0,0,0,0,0,0
Bruno Silva,Meia,chapecoense,7,Provável,9.99,0.33,2.10,2.63,5,14,0,0,2,2,1,3,0,11,9,0,2,0,0,0,0,0
Armero,Lateral,flamengo,2,Nulo,9.95,0.00,0.00,0.55,3,11,1,0,0,1,0,1,0,1,4,0,1,0,0,0,0,0
Carlos Alberto,Meia,figueirense,3,Contundido,9.92,0.00,0.00,5.93,5,5,0,0,1,1,2,0,0,3,4,0,2,0,0,0,0,0
Nikão,Meia,atlético-pr,7,Suspenso,9.82,-1.59,-2.90,4.11,6,12,1,0,0,0,3,1,0,7,10,0,3,0,0,0,0,0
Werley,Zagueiro,santos,6,Provável,9.74,0.00,0.00,3.53,2,17,0,1,0,1,1,0,0,8,7,0,1,0,1,0,0,0
Dener Assunção,Lateral,chapecoense,6,Provável,9.72,0.39,4.90,5.25,13,39,0,0,1,3,0,1,0,18,9,0,1,0,2,0,0,0
Denilson,Meia,são paulo,4,Nulo,9.72,0.00,0.00,1.73,6,9,0,0,0,0,0,0,0,8,6,0,2,0,0,0,0,0
André Lima,Atacante,avaí,5,Provável,9.69,-0.43,3.10,2.86,5,6,1,0,1,3,1,0,0,0,1,0,1,0,0,0,0,0
Mayke,Lateral,cruzeiro,5,Dúvida,9.69,-0.49,0.10,0.68,1,13,0,0,1,0,0,0,0,4,8,0,1,0,1,0,0,0
Rafael Lima,Zagueiro,chapecoense,7,Provável,9.67,-0.03,1.30,2.37,2,21,1,0,1,0,0,2,0,7,2,0,2,0,2,0,0,0
Wesley,Meia,são paulo,5,Dúvida,9.63,-1.24,-0.90,2.04,5,14,1,0,2,3,0,0,0,4,8,0,0,0,0,0,0,0
Julio Dos Santos,Meia,vasco,7,Nulo,9.62,-0.24,-1.20,1.35,3,23,0,0,1,2,0,0,0,10,5,0,1,0,0,0,0,0
Robinho,Meia,palmeiras,4,Nulo,9.61,-1.20,0.00,0.58,3,10,0,0,2,1,0,0,0,3,4,0,1,0,0,0,0,0
Douglas,Meia,grêmio,3,Provável,9.59,0.47,5.40,0.87,2,6,1,0,1,2,0,0,0,0,4,0,1,0,0,0,0,0
Léo,Lateral,internacional,2,Nulo,9.55,0.00,0.00,5.15,6,2,0,0,0,0,0,0,0,2,1,0,0,0,1,0,0,0
Doriva,Técnico,vasco,7,Provável,9.54,0.11,1.75,2.44,0,0,0,0,0,0,0,0,0,0,0,0,0,0,0,0,0,0
Gustavo,Zagueiro,atlético-pr,7,Provável,9.48,-1.56,0.00,3.19,1,6,0,1,0,1,0,1,0,2,7,0,0,0,4,0,0,0
Hugo,Atacante,avaí,4,Nulo,9.43,0.00,0.00,5.90,1,3,0,0,4,0,2,1,0,5,4,0,1,0,0,0,0,0
Maikon Leite,Atacante,sport,4,Provável,9.37,4.32,16.90,7.58,6,11,0,1,2,2,3,2,0,1,2,0,0,0,0,0,0,0
Cristóvão Borges,Técnico,flamengo,4,Provável,9.33,0.53,4.35,2.56,0,0,0,0,0,0,0,0,0,0,0,0,0,0,0,0,0,0
Samuel ,Atacante,sport,3,Provável,9.26,-0.30,3.80,1.63,1,1,0,0,1,4,0,1,0,2,4,0,0,0,0,0,0,0
Valdivia,Meia,internacional,3,Contundido,9.25,0.00,0.00,2.10,2,6,0,0,3,1,0,0,0,2,0,0,0,0,0,0,0,0
Nilton,Meia,internacional,4,Nulo,9.17,-0.51,-0.20,1.65,3,9,1,0,0,3,0,0,0,1,2,0,0,0,0,0,0,0
Eduardo Da Silva,Atacante,flamengo,6,Provável,9.15,1.99,7.70,3.00,2,3,1,0,0,2,2,2,0,0,3,0,1,0,0,0,0,0
Leandro Donizete,Meia,atlético-mg,2,Nulo,9.10,0.00,0.00,-0.30,1,2,0,0,0,0,0,0,0,0,1,0,0,0,0,0,0,0
Vagner Love,Atacante,corinthians,4,Dúvida,9.09,2.22,8.70,1.48,4,9,0,0,0,2,1,2,0,1,3,0,1,0,0,0,0,0
Magrão,Goleiro,sport,2,Contundido,9.09,0.00,0.00,-0.65,0,1,0,0,0,0,0,0,0,0,0,0,0,0,0,1,0,2
Marcelo Fernandes,Técnico,santos,6,Provável,9.08,0.00,0.00,3.16,0,0,0,0,0,0,0,0,0,0,0,0,0,0,0,0,0,0
Marcelinho Paraíba,Meia,joinville,6,Nulo,9.08,2.26,9.10,1.93,4,18,0,0,2,2,1,1,0,3,2,0,0,0,0,0,0,0
Wendel,Meia,sport,6,Nulo,9.04,0.00,0.00,2.30,6,8,0,0,0,5,0,0,0,11,10,0,2,0,0,0,0,0
Alan Kardec,Atacante,são paulo,0,Contundido,9.00,0.00,0.00,0.00,0,0,0,0,0,0,0,0,0,0,0,0,0,0,0,0,0,0
Keirrison,Atacante,coritiba,0,Nulo,9.00,0.00,0.00,0.00,0,0,0,0,0,0,0,0,0,0,0,0,0,0,0,0,0,0
França,Meia,figueirense,0,Nulo,9.00,0.00,0.00,0.00,0,0,0,0,0,0,0,0,0,0,0,0,0,0,0,0,0,0
Danilo Fernandes,Goleiro,sport,5,Provável,8.87,-0.67,3.70,6.62,2,3,0,0,0,0,0,0,0,0,0,0,0,0,3,8,0,3
Edmílson,Atacante,chapecoense,4,Provável,8.87,1.67,7.60,2.67,4,7,0,0,3,5,0,1,0,4,4,0,0,0,0,0,0,0
Rafael Galhardo,Lateral,grêmio,5,Provável,8.80,-0.31,1.70,4.38,14,13,1,1,3,3,0,2,0,6,10,0,2,0,1,0,0,0
Apodi,Lateral,chapecoense,6,Provável,8.77,-0.20,-0.80,2.58,10,19,0,0,5,1,1,2,0,5,6,0,1,1,1,0,0,0
Canteros,Meia,flamengo,6,Provável,8.77,1.13,3.90,0.73,6,27,0,0,2,6,1,1,0,4,8,0,1,1,0,0,0,0
Guti,Zagueiro,joinville,7,Provável,8.69,-1.18,-1.20,2.33,4,5,0,0,0,0,0,0,0,9,5,0,1,0,1,0,0,0
Rafael Costa,Atacante,joinville,4,Provável,8.68,-0.46,1.40,5.08,5,2,0,0,4,4,1,1,0,3,2,0,0,0,0,0,0,0
Thalles,Atacante,vasco,3,Nulo,8.65,-0.06,1.00,1.23,4,0,0,0,0,0,0,0,0,1,0,0,0,0,0,0,0,0
Régis,Meia,sport,5,Nulo,8.62,0.00,0.00,1.66,3,9,1,0,0,0,1,0,0,0,3,0,1,0,0,0,0,0
Ricardinho,Meia,figueirense,5,Nulo,8.58,1.39,6.00,3.24,6,10,2,0,0,1,0,1,0,5,5,0,0,0,0,0,0,0
Ángel Romero,Atacante,corinthians,5,Dúvida,8.58,-0.84,-1.40,2.28,13,13,0,0,0,2,1,2,0,2,6,0,0,0,0,0,0,0
Eduardo,Lateral,atlético-pr,7,Provável,8.51,-1.48,-2.80,3.82,5,28,0,0,1,2,0,0,0,11,9,0,2,0,4,0,0,0
Samuel Xavier,Lateral,sport,6,Provável,8.50,-0.63,0.50,5.65,9,14,0,0,0,1,1,0,0,7,4,0,0,0,3,0,0,0
Marcelo Oliveira,Lateral,grêmio,7,Provável,8.46,-0.02,1.40,3.03,15,15,1,0,1,1,1,1,0,5,11,0,2,0,1,0,0,0
Paulinho,Atacante,flamengo,6,Nulo,8.46,-0.38,-0.70,-0.38,3,14,0,0,3,2,0,0,0,0,4,0,1,0,0,0,0,0
Rhodolfo,Zagueiro,grêmio,6,Provável,8.35,2.15,10.10,3.72,0,5,0,0,0,2,1,1,0,7,4,0,0,0,1,0,0,0
Fabrício,Lateral,cruzeiro,2,Contundido,8.34,0.00,0.00,-1.45,6,6,0,0,0,0,0,2,0,2,5,0,2,0,0,0,0,0
Bruno,Lateral,são paulo,6,Provável,8.30,-1.06,-0.50,3.65,5,21,1,0,0,1,0,0,0,5,13,0,1,0,4,0,0,0
Antônio Carlos,Zagueiro,fluminense,6,Provável,8.30,-2.04,-2.90,3.47,5,14,0,0,1,0,0,0,0,5,0,0,1,0,3,0,0,0
Paulo Roberto,Meia,figueirense,6,Nulo,8.29,0.72,3.20,4.18,5,21,0,0,0,2,0,0,0,20,9,0,1,0,0,0,0,0
Wellington Paulista,Atacante,coritiba,4,Provável,8.29,-0.02,0.30,0.08,8,17,0,1,1,1,0,1,0,1,10,0,0,0,0,0,0,0
Ernando,Zagueiro,internacional,3,Nulo,8.27,-0.42,3.60,4.23,2,2,0,0,1,0,0,0,0,4,1,0,0,0,1,0,0,0
Alex Alves,Zagueiro,goiás,6,Nulo,8.16,0.00,0.00,2.03,2,5,0,0,0,1,0,1,0,5,14,0,2,0,3,0,0,0
Otávio ,Meia,atlético-pr,5,Provável,8.07,-0.13,1.30,5.96,6,12,0,0,3,3,0,0,0,19,6,0,2,0,0,0,0,0
Charles,Meia,cruzeiro,6,Provável,8.07,1.33,5.70,2.42,2,17,0,0,0,1,2,0,0,7,12,0,2,0,0,0,0,0
Rodrigo,Meia,goiás,7,Provável,8.06,0.91,5.50,3.67,6,8,0,0,2,1,1,0,0,12,12,0,0,0,0,0,0,0
Hélio Dos Anjos,Técnico,goiás,7,Provável,8.05,1.45,5.89,3.23,0,0,0,0,0,0,0,0,0,0,0,0,0,0,0,0,0,0
Felipe,Zagueiro,corinthians,0,Nulo,8.00,0.00,0.00,0.00,0,0,0,0,0,0,0,0,0,0,0,0,0,0,0,0,0,0
Pablo,Zagueiro,ponte preta,7,Suspenso,8.00,0.00,2.90,3.11,6,8,0,0,1,1,0,0,0,10,13,0,3,0,3,0,0,0
Seymour,Meia,cruzeiro,0,Nulo,8.00,0.00,0.00,0.00,0,0,0,0,0,0,0,0,0,0,0,0,0,0,0,0,0,0
Allione,Meia,palmeiras,0,Contundido,8.00,0.00,0.00,0.00,0,0,0,0,0,0,0,0,0,0,0,0,0,0,0,0,0,0
Vilches,Zagueiro,atlético-pr,0,Nulo,8.00,0.00,0.00,0.00,0,0,0,0,0,0,0,0,0,0,0,0,0,0,0,0,0,0
Cleberson,Zagueiro,atlético-pr,0,Contundido,8.00,0.00,0.00,0.00,0,0,0,0,0,0,0,0,0,0,0,0,0,0,0,0,0,0
Ramiro,Meia,grêmio,0,Contundido,8.00,0.00,0.00,0.00,0,0,0,0,0,0,0,0,0,0,0,0,0,0,0,0,0,0
Alan Santos,Meia,coritiba,0,Contundido,8.00,0.00,0.00,0.00,0,0,0,0,0,0,0,0,0,0,0,0,0,0,0,0,0,0
Vinícius Eutrópio,Técnico,chapecoense,7,Provável,7.98,0.40,1.99,3.05,0,0,0,0,0,0,0,0,0,0,0,0,0,0,0,0,0,0
Douglas Coutinho ,Atacante,atlético-pr,7,Provável,7.96,-0.35,0.10,2.33,2,13,0,0,4,3,2,5,0,3,7,0,1,0,0,0,0,0
Jorge Henrique,Atacante,internacional,1,Nulo,7.95,-1.05,2.10,2.10,3,2,0,0,0,0,0,0,0,1,1,0,0,0,0,0,0,0
Cléo,Atacante,atlético-pr,3,Nulo,7.95,-0.42,0.00,2.37,2,6,1,0,0,0,0,0,0,2,1,0,0,0,0,0,0,0
Marcelo Cirino,Atacante,flamengo,5,Dúvida,7.94,-0.03,-1.40,-0.08,7,20,1,0,1,1,0,3,0,2,5,0,2,0,0,0,0,0
Rafael Forster,Lateral,goiás,6,Provável,7.93,1.67,7.80,3.00,6,23,0,0,1,0,0,0,0,7,10,0,3,0,4,0,0,0
Danilo,Meia,corinthians,5,Nulo,7.89,0.16,2.10,0.06,2,5,0,0,1,4,0,0,0,0,2,0,1,0,0,0,0,0
Marquinhos Pedroso,Lateral,figueirense,4,Contundido,7.81,0.00,0.00,3.90,8,6,0,0,1,0,0,0,0,7,5,0,1,0,1,0,0,0
Josimar,Meia,ponte preta,7,Provável,7.79,0.20,2.80,2.09,8,22,1,0,1,4,0,0,0,12,16,0,2,0,0,0,0,0
Dagoberto,Atacante,vasco,4,Contundido,7.79,0.00,0.00,-0.70,7,9,0,0,2,0,0,0,0,2,6,0,3,0,0,0,0,0
Emanuel Biancucchi,Meia,vasco,2,Provável,7.77,0.48,2.40,1.10,5,4,0,0,2,1,0,0,0,1,3,0,1,0,0,0,0,0
Danilo,Meia,sport,3,Nulo,7.74,-0.24,0.00,0.07,1,1,0,0,0,0,0,0,0,0,0,0,0,0,0,0,0,0
Pablo,Lateral,avaí,7,Provável,7.63,-0.27,2.40,2.63,20,25,0,0,0,4,0,0,0,8,7,0,1,0,1,0,0,0
Chiquinho,Lateral,santos,5,Contundido,7.58,0.00,0.00,1.26,8,10,0,0,0,0,0,0,0,4,5,0,2,0,1,0,0,0
Lucas,Meia,vasco,3,Nulo,7.58,0.00,0.00,3.37,1,5,0,0,1,0,1,1,0,3,1,0,1,0,0,0,0,0
Mendoza,Atacante,corinthians,7,Provável,7.54,0.90,4.90,3.25,13,19,0,0,0,3,1,0,0,9,7,0,0,0,0,0,0,0
Manoel,Zagueiro,cruzeiro,6,Provável,7.49,-0.31,-0.60,2.82,9,13,0,0,0,1,1,0,0,3,5,0,0,0,1,0,0,0
Cereceda,Lateral,figueirense,6,Nulo,7.45,0.46,3.90,2.20,4,17,0,0,0,1,0,0,0,13,15,0,2,0,1,0,0,0
Gabriel,Meia,flamengo,7,Provável,7.45,-1.66,-0.50,2.99,9,16,0,0,2,3,2,1,0,3,7,0,0,0,0,0,0,0
Fellipe Bastos,Meia,grêmio,5,Nulo,7.35,0.00,0.00,0.64,3,2,0,0,0,0,0,0,0,4,5,0,1,0,0,0,0,0
Luís Cáceres,Meia,coritiba,3,Provável,7.35,0.08,2.30,2.23,0,2,0,0,1,0,0,0,0,4,1,0,0,0,0,0,0,0
Paulo André,Zagueiro,cruzeiro,1,Nulo,7.30,0.00,0.00,-4.20,0,4,0,0,0,0,0,0,0,0,2,0,1,0,0,0,0,0
Clayton,Atacante,figueirense,6,Nulo,7.30,0.07,3.50,0.72,8,22,1,0,2,2,0,9,0,5,7,0,1,0,0,0,0,0
Vladimir,Goleiro,santos,6,Provável,7.26,0.00,0.00,1.88,1,4,0,0,0,0,0,0,0,0,0,0,0,0,1,7,0,7
Márcio Araújo,Meia,flamengo,5,Provável,7.25,0.73,4.10,1.60,10,9,0,0,0,1,0,0,0,5,3,0,1,0,0,0,0,0
Alisson,Atacante,cruzeiro,4,Contundido,7.20,0.00,0.00,2.07,3,6,1,0,2,2,0,1,0,1,2,0,0,0,0,0,0,0
Braian Rodríguez,Atacante,grêmio,4,Nulo,7.16,-0.41,0.50,2.62,4,2,0,0,0,1,1,0,0,2,2,0,1,0,0,0,0,0
Gabriel Xavier,Meia,cruzeiro,5,Contundido,7.16,0.00,0.00,2.48,3,4,0,0,0,3,1,0,0,5,9,0,1,0,0,0,0,0
Alan Costa,Zagueiro,internacional,3,Nulo,7.15,-1.25,-0.40,5.23,0,5,0,0,0,2,0,0,0,4,2,0,0,0,2,0,0,0
Carlinhos,Lateral,coritiba,1,Contundido,7.12,0.00,0.00,1.00,3,3,0,0,0,1,0,0,0,1,4,0,0,0,0,0,0,0
Paulinho,Atacante,coritiba,3,Contundido,7.11,0.00,0.00,5.63,2,4,0,0,0,2,1,1,0,6,0,0,1,0,0,0,0,0
William,Atacante,avaí,1,Nulo,7.08,-0.92,1.00,1.00,1,0,0,0,1,0,0,0,0,0,1,0,0,0,0,0,0,0
Malcom,Atacante,corinthians,2,Nulo,7.05,0.00,0.00,1.60,6,5,0,0,1,0,0,0,0,1,2,0,0,0,0,0,0,0
Eduardo Costa,Meia,avaí,1,Provável,7.02,-0.98,1.70,1.70,0,0,0,0,0,0,0,0,0,1,0,0,0,0,0,0,0,0
Gabriel,Atacante,santos,4,Provável,7.01,0.00,0.00,0.55,1,6,0,0,1,4,0,2,0,1,2,0,0,0,0,0,0,0
Murilo Henrique,Meia,goiás,0,Nulo,7.00,0.00,0.00,0.00,0,0,0,0,0,0,0,0,0,0,0,0,0,0,0,0,0,0
João Paulo,Lateral,palmeiras,0,Nulo,7.00,0.00,0.00,0.00,0,0,0,0,0,0,0,0,0,0,0,0,0,0,0,0,0,0
Fabinho ,Atacante,joinville,0,Nulo,7.00,0.00,0.00,0.00,0,0,0,0,0,0,0,0,0,0,0,0,0,0,0,0,0,0
Wellington,Meia,internacional,0,Nulo,7.00,0.00,0.00,0.00,0,0,0,0,0,0,0,0,0,0,0,0,0,0,0,0,0,0
Ferron,Zagueiro,figueirense,0,Contundido,7.00,0.00,0.00,0.00,0,0,0,0,0,0,0,0,0,0,0,0,0,0,0,0,0,0
Tinga,Meia,avaí,0,Nulo,7.00,0.00,0.00,0.00,0,0,0,0,0,0,0,0,0,0,0,0,0,0,0,0,0,0
Marcelo Costa,Meia,joinville,4,Contundido,6.99,0.00,0.00,0.32,4,5,0,0,0,2,0,1,0,2,3,0,1,0,0,0,0,0
Anderson Pico,Lateral,flamengo,3,Dúvida,6.95,0.00,0.00,1.77,2,14,0,0,1,0,0,0,0,5,2,0,0,0,0,0,0,0
Hélder,Meia,coritiba,6,Provável,6.94,0.01,0.50,1.02,9,16,0,2,3,1,0,1,0,6,16,0,3,0,0,0,0,0
Bruno Aguiar,Zagueiro,joinville,5,Nulo,6.93,0.00,0.00,1.58,5,7,0,0,0,1,0,0,0,4,6,0,1,0,1,0,0,0
Rafael Carioca,Meia,atlético-mg,5,Provável,6.92,0.00,0.00,4.02,8,13,0,0,0,2,0,0,0,13,3,0,1,0,0,0,0,0
Leandro Almeida,Zagueiro,coritiba,6,Contundido,6.91,0.00,0.00,-0.02,2,12,0,0,1,1,0,0,0,4,14,0,2,0,1,0,0,0
Wiliam Barbio,Atacante,chapecoense,1,Nulo,6.82,0.00,0.00,1.00,2,0,0,0,0,0,0,0,0,0,0,0,0,0,0,0,0,0
Mike,Atacante,sport,6,Nulo,6.81,0.00,0.00,0.97,3,5,1,0,0,3,0,1,0,1,5,0,0,0,0,0,0,0
Renato Chaves,Zagueiro,ponte preta,1,Provável,6.76,0.00,0.00,5.90,1,1,0,0,0,0,0,0,0,1,2,0,0,0,1,0,0,0
Marquinhos Gabriel,Meia,santos,1,Nulo,6.75,0.00,0.00,-4.50,0,4,0,0,0,0,0,0,0,1,0,0,0,1,0,0,0,0
Kelvin,Atacante,palmeiras,6,Provável,6.73,0.00,0.00,1.77,11,14,2,0,5,2,0,0,0,2,9,0,3,0,0,0,0,0
Esquerdinha,Meia,coritiba,1,Nulo,6.72,0.00,0.00,-0.50,0,0,0,0,0,0,0,0,0,0,1,0,0,0,0,0,0,0
Anselmo,Meia,joinville,7,Provável,6.70,-0.13,0.70,1.88,7,12,0,0,0,2,0,0,0,12,9,0,2,0,0,0,0,0
Norberto ,Lateral,coritiba,6,Provável,6.69,0.00,0.00,2.00,11,13,1,0,1,0,0,2,0,7,11,0,3,0,1,0,0,0
Everton,Lateral,goiás,6,Contundido,6.69,0.00,0.00,2.07,3,19,0,0,0,0,0,2,0,3,5,0,0,0,3,0,0,0
Marcão,Atacante,figueirense,5,Suspenso,6.69,-0.28,-2.00,-0.86,5,9,0,0,3,5,0,7,0,2,9,0,3,0,0,0,0,0
Maicosuel,Meia,atlético-mg,5,Nulo,6.68,0.00,0.00,0.90,2,4,1,0,1,0,0,0,0,1,2,0,1,0,0,0,0,0
Wallyson,Atacante,coritiba,2,Nulo,6.64,0.00,0.00,0.95,0,2,0,1,0,0,0,1,0,0,1,0,0,0,0,0,0,0
Argel Fucks,Técnico,figueirense,7,Nulo,6.61,0.17,2.16,2.55,0,0,0,0,0,0,0,0,0,0,0,0,0,0,0,0,0,0
Boschilia,Meia,são paulo,1,Nulo,6.57,0.00,0.00,2.30,1,1,0,0,0,2,0,1,0,1,1,0,0,0,0,0,0,0
Valencia,Meia,santos,2,Nulo,6.50,0.00,0.00,1.65,1,1,0,0,0,0,0,0,0,3,4,0,0,0,0,0,0,0
Pierre,Meia,fluminense,5,Provável,6.49,1.15,5.50,1.90,4,1,0,0,0,1,0,0,0,8,9,0,1,0,0,0,0,0
Tiago Luis,Atacante,joinville,3,Provável,6.44,0.62,2.50,0.63,1,8,0,0,2,2,0,0,0,2,2,0,1,0,0,0,0,0
Rafael Silva,Atacante,vasco,5,Nulo,6.40,0.00,0.00,2.80,9,13,0,1,6,1,0,0,0,6,6,0,2,0,0,0,0,0
Yago,Zagueiro,corinthians,1,Nulo,6.33,0.00,0.00,4.00,0,0,0,0,0,0,0,0,0,0,2,0,0,0,1,0,0,0
Pará,Lateral,flamengo,7,Provável,6.29,-0.13,2.90,0.48,5,24,0,0,0,1,0,3,0,7,10,1,1,0,2,0,0,0
Marcos Aurélio,Meia,coritiba,1,Nulo,6.29,-1.71,-0.90,-0.90,0,3,0,0,0,0,0,0,0,0,0,0,0,0,0,0,0,0
Ruan,Atacante,goiás,1,Nulo,6.24,0.00,0.00,-0.80,0,1,0,0,0,0,0,0,0,0,1,0,0,0,0,0,0,0
Dellatorre,Atacante,atlético-pr,1,Nulo,6.24,0.00,0.00,-0.60,0,2,0,0,0,0,0,0,0,0,0,0,0,0,0,0,0,0
Mário Sérgio,Lateral,joinville,3,Provável,6.20,0.65,4.30,4.20,6,13,0,0,1,2,0,0,0,8,7,0,2,0,1,0,0,0
Luccas Claro,Zagueiro,coritiba,4,Provável,6.18,0.98,4.10,0.48,1,8,0,0,2,1,0,0,0,3,4,0,1,0,0,0,0,0
Claudio Winck,Lateral,internacional,1,Contundido,6.17,0.00,0.00,0.80,1,2,0,0,0,1,0,0,0,1,3,0,0,0,0,0,0,0
Tobio,Zagueiro,palmeiras,1,Nulo,6.17,0.00,0.00,-1.30,0,1,0,0,0,0,0,0,0,0,2,0,0,0,0,0,0,0
Ivan,Lateral,coritiba,5,Nulo,6.13,1.24,6.00,2.20,7,11,0,0,0,2,0,0,0,7,11,0,1,0,1,0,0,0
Riascos,Atacante,vasco,3,Nulo,6.10,0.00,0.00,1.57,3,3,0,0,2,2,0,0,0,1,2,0,0,0,0,0,0,0
Anderson Lopes,Atacante,avaí,7,Provável,6.08,1.26,7.70,2.88,9,14,2,0,3,1,2,5,0,1,10,0,2,0,0,0,0,0
Taiberson,Atacante,internacional,5,Nulo,6.06,-0.02,1.40,1.32,12,11,0,1,0,2,0,1,0,5,10,0,2,0,0,0,0,0
Mena,Lateral,cruzeiro,0,Nulo,6.00,0.00,0.00,0.00,0,0,0,0,0,0,0,0,0,0,0,0,0,0,0,0,0,0
Cássio,Zagueiro,avaí,0,Nulo,6.00,0.00,0.00,0.00,0,0,0,0,0,0,0,0,0,0,0,0,0,0,0,0,0,0
Valmir Lucas,Zagueiro,goiás,0,Nulo,6.00,0.00,0.00,0.00,0,0,0,0,0,0,0,0,0,0,0,0,0,0,0,0,0,0
Ramon,Meia,goiás,0,Contundido,6.00,0.00,0.00,0.00,0,0,0,0,0,0,0,0,0,0,0,0,0,0,0,0,0,0
Alison,Meia,santos,0,Contundido,6.00,0.00,0.00,0.00,0,0,0,0,0,0,0,0,0,0,0,0,0,0,0,0,0,0
Adrianinho,Meia,ponte preta,0,Nulo,6.00,0.00,0.00,0.00,0,0,0,0,0,0,0,0,0,0,0,0,0,0,0,0,0,0
João Filipe,Zagueiro,fluminense,0,Nulo,6.00,0.00,0.00,0.00,0,0,0,0,0,0,0,0,0,0,0,0,0,0,0,0,0,0
Jean Patrick,Meia,vasco,0,Nulo,6.00,0.00,0.00,0.00,0,0,0,0,0,0,0,0,0,0,0,0,0,0,0,0,0,0
Aranha,Goleiro,palmeiras,0,Nulo,6.00,0.00,0.00,0.00,0,0,0,0,0,0,0,0,0,0,0,0,0,0,0,0,0,0
Douglas Silva,Zagueiro,joinville,0,Nulo,6.00,0.00,0.00,0.00,0,0,0,0,0,0,0,0,0,0,0,0,0,0,0,0,0,0
Anderson Salles,Zagueiro,vasco,0,Nulo,6.00,0.00,0.00,0.00,0,0,0,0,0,0,0,0,0,0,0,0,0,0,0,0,0,0
Luciano,Atacante,corinthians,0,Contundido,6.00,0.00,0.00,0.00,0,0,0,0,0,0,0,0,0,0,0,0,0,0,0,0,0,0
Willian,Meia,sport,0,Nulo,6.00,0.00,0.00,0.00,0,0,0,0,0,0,0,0,0,0,0,0,0,0,0,0,0,0
João Paulo,Lateral,ponte preta,0,Nulo,6.00,0.00,0.00,0.00,0,0,0,0,0,0,0,0,0,0,0,0,0,0,0,0,0,0
Nixon,Atacante,flamengo,0,Contundido,6.00,0.00,0.00,0.00,0,0,0,0,0,0,0,0,0,0,0,0,0,0,0,0,0,0
Daniel,Meia,são paulo,0,Contundido,6.00,0.00,0.00,0.00,0,0,0,0,0,0,0,0,0,0,0,0,0,0,0,0,0,0
Lula,Zagueiro,atlético-pr,0,Nulo,6.00,0.00,0.00,0.00,0,0,0,0,0,0,0,0,0,0,0,0,0,0,0,0,0,0
Geandro,Meia,joinville,0,Contundido,6.00,0.00,0.00,0.00,0,0,0,0,0,0,0,0,0,0,0,0,0,0,0,0,0,0
Walter,Goleiro,corinthians,0,Nulo,6.00,0.00,0.00,0.00,0,0,0,0,0,0,0,0,0,0,0,0,0,0,0,0,0,0
Rodrigo Caio,Meia,são paulo,3,Nulo,5.90,0.00,0.00,1.50,3,8,1,0,0,1,0,0,0,1,4,0,0,0,0,0,0,0
Alan Patrick,Meia,flamengo,2,Nulo,5.90,0.00,0.00,1.55,2,2,0,0,2,0,0,0,0,1,2,0,0,0,0,0,0,0
Giovanni Augusto,Meia,atlético-mg,6,Provável,5.89,0.00,0.00,1.58,7,8,0,0,1,2,0,0,0,5,5,0,0,0,0,0,0,0
Diogo Barbosa,Lateral,goiás,3,Provável,5.89,1.59,6.60,2.97,5,9,0,0,0,1,0,0,0,2,0,0,0,0,1,0,0,0
Vítor,Lateral,sport,1,Nulo,5.88,0.00,0.00,0.70,0,0,0,0,0,1,0,0,0,0,0,0,0,0,0,0,0,0
Renê,Lateral,sport,7,Provável,5.88,0.87,4.70,3.91,4,31,2,0,2,0,0,0,0,11,6,1,1,0,3,0,0,0
Jefferson,Meia,figueirense,3,Nulo,5.88,0.00,0.00,1.43,3,5,0,0,0,0,0,0,0,4,5,0,0,0,0,0,0,0
Víctor Cáceres,Meia,flamengo,2,Nulo,5.81,0.00,0.00,2.30,1,3,0,0,2,0,0,0,0,5,7,0,1,0,0,0,0,0
Adriano,Meia,avaí,1,Nulo,5.71,0.00,0.00,0.00,0,0,0,0,0,0,0,0,0,0,0,0,0,0,0,0,0,0
Muriel,Goleiro,internacional,2,Nulo,5.70,0.00,0.00,4.35,0,1,0,0,0,0,0,0,0,0,0,0,0,0,1,2,0,1
Renan,Meia,avaí,7,Suspenso,5.68,-0.41,-0.30,1.59,12,10,0,0,0,1,0,0,0,12,14,0,3,0,0,0,0,0
Ewerton Páscoa ,Zagueiro,sport,1,Nulo,5.68,-1.32,-0.30,-0.30,0,1,0,0,0,0,0,0,0,0,0,0,0,0,0,0,0,0
Roni,Meia,ponte preta,4,Provável,5.65,-0.21,0.20,0.03,2,2,0,0,1,1,0,4,0,0,0,0,0,0,0,0,0,0
William Henrique,Atacante,joinville,2,Nulo,5.62,0.00,0.00,0.75,1,3,0,0,0,0,0,1,0,2,2,0,0,0,0,0,0,0
Roberto,Atacante,avaí,4,Contundido,5.60,0.00,0.00,2.15,6,6,0,0,1,0,1,0,0,2,6,0,1,0,0,0,0,0
Diguinho,Meia,vasco,3,Provável,5.60,-0.42,-0.50,2.17,4,9,0,0,0,0,0,0,0,6,2,0,1,0,0,0,0,0
Almir,Meia,flamengo,2,Contundido,5.60,0.00,0.00,1.20,3,1,0,0,0,0,0,0,0,1,1,0,0,0,0,0,0,0
Luiz Antonio ,Meia,flamengo,4,Provável,5.55,1.63,6.50,1.40,2,12,1,0,1,2,0,0,0,4,4,0,2,0,0,0,0,0
Guilherme Arana,Lateral,atlético-pr,3,Provável,5.53,-0.11,3.30,6.03,2,2,0,0,0,1,0,0,0,5,3,0,0,0,2,0,0,0
Renato,Lateral,fluminense,5,Provável,5.49,-0.81,-0.30,3.74,6,14,0,0,1,1,0,0,0,6,6,0,2,0,3,0,0,0
Rafael,Goleiro,cruzeiro,1,Nulo,5.44,0.00,0.00,3.70,0,1,0,0,0,0,0,0,0,0,0,0,0,0,0,2,0,1
Gilson Kleina,Técnico,avaí,7,Provável,5.43,-0.57,0.95,2.22,0,0,0,0,0,0,0,0,0,0,0,0,0,0,0,0,0,0
Douglas Santos,Lateral,atlético-mg,5,Provável,5.36,0.00,0.00,1.50,2,9,0,0,1,3,0,0,0,3,8,0,0,0,1,0,0,0
Leandro Pereira,Atacante,palmeiras,2,Nulo,5.32,0.00,0.00,-1.50,3,3,0,0,1,2,0,1,0,0,3,0,2,0,0,0,0,0
Ney Franco,Técnico,coritiba,1,Provável,5.23,-0.59,0.89,0.89,0,0,0,0,0,0,0,0,0,0,0,0,0,0,0,0,0,0
Uelliton,Meia,avaí,1,Nulo,5.22,0.00,0.00,0.60,3,2,0,0,0,1,0,0,0,0,2,0,0,0,0,0,0,0
Jhon Cley,Meia,vasco,3,Provável,5.21,0.00,0.90,0.77,4,2,0,0,0,2,0,0,0,0,1,0,0,0,0,0,0,0
Leandrinho,Meia,santos,1,Nulo,5.19,0.00,0.00,5.20,1,2,0,0,0,0,0,0,0,4,3,0,0,0,0,0,0,0
Serginho,Meia,vasco,4,Contundido,5.19,0.00,0.00,0.60,3,11,0,0,0,1,0,0,0,5,2,0,2,0,0,0,0,0
Pedro Geromel,Zagueiro,grêmio,6,Provável,5.17,-0.77,-0.60,0.70,8,10,0,0,0,1,0,2,0,5,6,0,1,0,0,0,0,0
Leandro Silva,Lateral,figueirense,5,Nulo,5.12,-1.75,-2.90,2.04,4,18,0,0,0,1,0,0,0,12,13,0,3,0,1,0,0,0
Adilson Batista,Técnico,joinville,2,Provável,5.11,0.22,1.76,1.71,0,0,0,0,0,0,0,0,0,0,0,0,0,0,0,0,0,0
Bressan,Zagueiro,flamengo,4,Nulo,5.11,0.00,0.00,1.02,2,5,0,0,0,1,0,0,0,2,5,0,1,0,1,0,0,0
Edigar Junio,Atacante,atlético-pr,2,Nulo,5.11,0.00,0.00,0.25,1,0,0,0,0,0,0,0,0,0,0,0,0,0,0,0,0,0
Martín Luque,Meia,internacional,1,Nulo,5.09,0.00,0.00,0.70,5,1,0,0,0,0,0,0,0,0,3,0,0,0,0,0,0,0
Neto Berola,Atacante,santos,1,Nulo,5.08,0.00,0.00,6.70,2,0,0,1,1,0,0,0,0,1,1,0,0,0,0,0,0,0
Rodrigo Dourado,Meia,internacional,3,Nulo,5.06,-0.64,1.50,4.07,1,7,1,0,0,2,0,1,0,7,4,0,1,0,0,0,0,0
Thiago Galhardo,Meia,coritiba,6,Suspenso,5.06,1.03,2.80,0.75,8,14,0,0,2,2,1,3,0,4,12,0,3,0,0,0,0,0
Marlone,Meia,sport,1,Nulo,5.03,0.00,0.00,0.50,1,0,0,0,0,0,0,0,0,0,0,0,0,0,0,0,0,0
Denis,Goleiro,são paulo,0,Contundido,5.00,0.00,0.00,0.00,0,0,0,0,0,0,0,0,0,0,0,0,0,0,0,0,0,0
Henrique Mattos,Zagueiro,sport,0,Nulo,5.00,0.00,0.00,0.00,0,0,0,0,0,0,0,0,0,0,0,0,0,0,0,0,0,0
Bonfim ,Zagueiro,coritiba,0,Nulo,5.00,0.00,0.00,0.00,0,0,0,0,0,0,0,0,0,0,0,0,0,0,0,0,0,0
Vaná,Goleiro,coritiba,0,Nulo,5.00,0.00,0.00,0.00,0,0,0,0,0,0,0,0,0,0,0,0,0,0,0,0,0,0
Dráusio,Zagueiro,joinville,0,Nulo,5.00,0.00,0.00,0.00,0,0,0,0,0,0,0,0,0,0,0,0,0,0,0,0,0,0
Sandro Silva,Meia,vasco,0,Nulo,5.00,0.00,0.00,0.00,0,0,0,0,0,0,0,0,0,0,0,0,0,0,0,0,0,0
Lúcio Flávio,Meia,coritiba,0,Nulo,5.00,0.00,0.00,0.00,0,0,0,0,0,0,0,0,0,0,0,0,0,0,0,0,0,0
Alex Silva,Lateral,sport,0,Contundido,5.00,0.00,0.00,0.00,0,0,0,0,0,0,0,0,0,0,0,0,0,0,0,0,0,0
Dida,Goleiro,internacional,0,Nulo,5.00,0.00,0.00,0.00,0,0,0,0,0,0,0,0,0,0,0,0,0,0,0,0,0,0
Douglas Grolli,Zagueiro,cruzeiro,0,Nulo,5.00,0.00,0.00,0.00,0,0,0,0,0,0,0,0,0,0,0,0,0,0,0,0,0,0
Bruno Furlan,Atacante,joinville,0,Contundido,5.00,0.00,0.00,0.00,0,0,0,0,0,0,0,0,0,0,0,0,0,0,0,0,0,0
Edson Silva,Zagueiro,são paulo,0,Nulo,5.00,0.00,0.00,0.00,0,0,0,0,0,0,0,0,0,0,0,0,0,0,0,0,0,0
Henrique ,Lateral,vasco,0,Nulo,5.00,0.00,0.00,0.00,0,0,0,0,0,0,0,0,0,0,0,0,0,0,0,0,0,0
Matheus Bertotto,Meia,internacional,0,Contundido,5.00,0.00,0.00,0.00,0,0,0,0,0,0,0,0,0,0,0,0,0,0,0,0,0,0
Marion,Atacante,joinville,0,Nulo,5.00,0.00,0.00,0.00,0,0,0,0,0,0,0,0,0,0,0,0,0,0,0,0,0,0
Matheus Biteco,Meia,grêmio,0,Nulo,5.00,0.00,0.00,0.00,0,0,0,0,0,0,0,0,0,0,0,0,0,0,0,0,0,0
Martinuccio,Atacante,fluminense,0,Nulo,5.00,0.00,0.00,0.00,0,0,0,0,0,0,0,0,0,0,0,0,0,0,0,0,0,0
Léo Pereira,Zagueiro,atlético-pr,0,Nulo,5.00,0.00,0.00,0.00,0,0,0,0,0,0,0,0,0,0,0,0,0,0,0,0,0,0
Guilherme Santos,Lateral,avaí,0,Nulo,5.00,0.00,0.00,0.00,0,0,0,0,0,0,0,0,0,0,0,0,0,0,0,0,0,0
Rodrigo Biro,Lateral,ponte preta,0,Nulo,5.00,0.00,0.00,0.00,0,0,0,0,0,0,0,0,0,0,0,0,0,0,0,0,0,0
Caíque,Atacante,atlético-pr,0,Nulo,5.00,0.00,0.00,0.00,0,0,0,0,0,0,0,0,0,0,0,0,0,0,0,0,0,0
Diego Cardoso,Atacante,santos,0,Nulo,5.00,0.00,0.00,0.00,0,0,0,0,0,0,0,0,0,0,0,0,0,0,0,0,0,0
Nathan,Zagueiro,palmeiras,0,Nulo,5.00,0.00,0.00,0.00,0,0,0,0,0,0,0,0,0,0,0,0,0,0,0,0,0,0
Caju,Lateral,santos,0,Nulo,5.00,0.00,0.00,0.00,0,0,0,0,0,0,0,0,0,0,0,0,0,0,0,0,0,0
Matheus Inácio,Goleiro,ponte preta,0,Nulo,5.00,0.00,0.00,0.00,0,0,0,0,0,0,0,0,0,0,0,0,0,0,0,0,0,0
Claudinei,Meia,avaí,0,Nulo,5.00,0.00,0.00,0.00,0,0,0,0,0,0,0,0,0,0,0,0,0,0,0,0,0,0
Bruno Mota,Meia,atlético-pr,0,Nulo,5.00,0.00,0.00,0.00,0,0,0,0,0,0,0,0,0,0,0,0,0,0,0,0,0,0
Leandro,Atacante,ponte preta,0,Nulo,5.00,0.00,0.00,0.00,0,0,0,0,0,0,0,0,0,0,0,0,0,0,0,0,0,0
Bruno Mendes,Atacante,avaí,0,Nulo,5.00,0.00,0.00,0.00,0,0,0,0,0,0,0,0,0,0,0,0,0,0,0,0,0,0
Paulinho,Meia,ponte preta,1,Nulo,4.98,0.00,0.00,3.30,2,2,0,0,0,0,0,0,0,2,1,0,0,0,0,0,0,0
Robert ,Meia,fluminense,1,Contundido,4.98,0.00,0.00,1.30,1,3,0,0,1,1,0,0,0,0,0,0,0,0,0,0,0,0
Alisson Becker,Goleiro,internacional,5,Nulo,4.97,-1.88,-1.00,2.80,0,0,0,0,0,0,0,0,0,0,0,0,1,0,2,6,0,6
Thiago Mendes,Meia,são paulo,6,Provável,4.96,-1.62,-5.60,2.22,12,13,2,0,2,1,0,2,0,5,10,0,2,0,0,0,0,0
Mazola,Atacante,figueirense,4,Nulo,4.96,0.00,0.00,0.58,1,5,0,0,0,1,0,0,0,3,5,0,0,0,0,0,0,0
Henrique,Zagueiro,fluminense,1,Provável,4.94,-1.06,0.00,0.00,0,0,0,0,0,0,0,0,0,0,0,0,0,0,0,0,0,0
Jael,Atacante,joinville,3,Nulo,4.94,-0.57,-0.50,0.07,0,1,0,0,2,0,0,2,0,0,1,0,0,0,0,0,0,0
Rosinei,Meia,coritiba,3,Contundido,4.93,0.00,0.00,0.67,2,8,0,0,0,1,0,0,0,6,7,0,2,0,0,0,0,0
Ruy,Meia,coritiba,6,Provável,4.92,-0.04,0.80,1.32,14,28,1,0,5,2,0,0,0,2,3,0,2,0,0,0,0,0
Rafael Bastos,Meia,figueirense,1,Contundido,4.87,0.00,0.00,0.00,0,0,0,0,0,0,0,0,0,0,0,0,0,0,0,0,0,0
Lucas Otávio ,Meia,santos,5,Provável,4.85,0.00,0.00,2.76,4,13,0,0,0,0,0,0,0,16,15,0,2,0,0,0,0,0
Everton,Atacante,grêmio,3,Nulo,4.83,0.00,0.00,1.37,1,4,0,0,0,2,0,0,0,2,0,0,0,0,0,0,0,0
Arthur Maia,Meia,flamengo,4,Nulo,4.82,-0.66,-0.70,0.30,4,9,0,0,0,1,0,0,0,1,1,0,0,0,0,0,0,0
Jackson,Zagueiro,palmeiras,3,Contundido,4.79,0.00,0.00,3.40,2,10,0,0,0,1,0,0,0,5,4,0,0,0,1,0,0,0
Hernani,Meia,atlético-pr,7,Provável,4.78,1.43,6.60,1.67,6,19,0,0,0,5,1,1,0,7,13,0,1,0,0,0,0,0
Rafael Longuine,Meia,santos,3,Provável,4.78,0.00,0.00,0.53,2,2,0,0,0,0,0,0,0,1,1,0,0,0,0,0,0,0
Ayrton,Lateral,flamengo,3,Nulo,4.77,0.00,0.00,3.03,3,7,0,0,1,0,0,0,0,1,2,0,1,0,2,0,0,0
Felipe Azevedo,Atacante,ponte preta,7,Provável,4.76,-1.54,-0.60,0.71,11,21,0,0,0,1,1,0,0,3,8,0,2,0,0,0,0,0
Maylson,Meia,chapecoense,1,Contundido,4.75,0.00,0.00,0.00,0,0,0,0,0,0,0,0,0,0,0,0,0,0,0,0,0,0
Fred,Zagueiro,goiás,3,Provável,4.75,1.38,6.20,3.63,0,1,0,0,2,1,0,1,0,0,2,0,0,0,2,0,0,0
Paulinho Dias,Meia,atlético-pr,1,Nulo,4.73,0.00,0.00,-0.30,0,1,0,0,0,0,0,0,0,0,0,0,0,0,0,0,0,0
Augusto César,Meia,joinville,6,Provável,4.72,-0.10,-0.10,1.08,9,14,0,0,1,1,0,0,0,5,8,0,0,0,0,0,0,0
Arouca,Meia,palmeiras,4,Provável,4.72,0.47,2.90,1.30,3,5,0,0,0,1,0,0,0,5,4,0,1,0,0,0,0,0
Jackson Caucaia,Meia,vasco,3,Provável,4.70,-0.26,2.80,4.23,6,4,0,0,1,0,0,0,0,7,4,0,0,0,0,0,0,0
Lucas Coelho,Atacante,goiás,2,Nulo,4.68,0.00,0.00,-0.05,1,2,0,0,1,0,0,0,0,0,2,0,0,0,0,0,0,0
Gilberto,Atacante,vasco,6,Provável,4.68,0.67,0.90,0.12,11,21,0,0,4,9,0,4,1,6,9,0,2,1,0,0,0,0
Eduardo,Meia,atlético-mg,1,Nulo,4.67,0.00,0.00,4.90,0,1,1,0,0,1,0,0,0,0,1,0,0,0,0,0,0,0
Bernardo,Meia,vasco,3,Nulo,4.67,0.00,0.00,-0.20,0,9,0,0,0,3,0,0,0,0,0,0,0,0,0,0,0,0
Wanderson,Meia,chapecoense,1,Nulo,4.66,0.00,0.00,-0.60,0,2,0,0,0,0,0,0,0,0,0,0,0,0,0,0,0,0
Paulão,Zagueiro,internacional,5,Nulo,4.65,0.00,0.00,1.96,1,14,0,1,0,1,0,0,0,4,3,1,0,0,2,0,0,0
Wagner,Meia,chapecoense,5,Provável,4.64,1.28,5.30,3.16,11,8,0,0,1,2,0,0,0,9,6,0,1,0,0,0,0,0
Eduardo Neto,Meia,avaí,6,Provável,4.61,0.71,3.00,2.12,7,14,1,0,1,3,0,0,0,9,12,0,2,0,0,0,0,0
Rogério,Lateral,joinville,3,Contundido,4.60,0.00,0.00,0.87,2,12,0,0,0,0,0,1,0,1,2,0,0,0,1,0,0,0
Magno Alves,Atacante,fluminense,5,Suspenso,4.59,0.25,1.60,0.46,1,6,1,0,1,1,0,0,0,2,3,0,0,1,0,0,0,0
William,Lateral,internacional,3,Nulo,4.59,-0.44,2.00,6.73,4,8,0,0,0,0,0,0,0,8,2,0,1,0,2,0,0,0
Bruno Rodrigo,Zagueiro,cruzeiro,6,Provável,4.57,0.20,1.10,0.10,2,10,0,0,0,1,0,0,0,2,5,0,2,0,1,0,0,0
Bady,Meia,atlético-pr,1,Nulo,4.56,0.00,0.00,-0.40,0,2,0,0,0,1,0,0,0,0,1,0,0,0,0,0,0,0
Nicolás Freitas,Meia,internacional,5,Nulo,4.55,-1.03,-3.60,1.18,3,9,0,0,0,0,0,0,0,8,9,0,1,0,0,0,0,0
Carlos Cesar,Lateral,atlético-mg,1,Nulo,4.52,0.00,0.00,6.40,0,0,0,0,0,2,0,0,0,0,0,0,0,0,1,0,0,0
Elias,Atacante,figueirense,1,Nulo,4.52,0.00,0.00,1.70,2,1,0,0,1,0,0,0,0,0,0,0,0,0,0,0,0,0
Marco Damasceno ,Atacante,atlético-pr,1,Nulo,4.51,0.00,0.00,0.70,2,1,0,0,0,0,0,0,0,0,0,0,0,0,0,0,0,0
Negueba,Atacante,coritiba,6,Nulo,4.51,-0.20,1.40,0.75,1,14,0,0,4,4,0,0,0,2,4,0,0,0,0,0,0,0
Alan Ruschel,Lateral,internacional,4,Nulo,4.50,0.00,0.00,2.15,14,8,1,0,0,0,0,0,0,5,11,0,2,1,1,0,0,0
Hyoran,Meia,chapecoense,4,Nulo,4.46,0.00,0.00,0.77,4,12,0,0,1,2,0,0,0,4,5,0,1,0,0,0,0,0
Vagner,Goleiro,avaí,7,Provável,4.46,-1.71,-2.00,1.97,0,4,0,0,0,0,0,0,0,0,0,0,1,0,1,10,0,9
Yago,Atacante,vasco,5,Nulo,4.45,-0.56,-0.10,0.24,15,5,0,0,0,0,0,2,0,1,3,0,2,0,0,0,0,0
Gabriel Jesus,Atacante,palmeiras,1,Nulo,4.43,0.00,0.00,-0.40,1,2,0,0,1,1,0,1,0,0,3,0,0,0,0,0,0,0
Auro,Lateral,são paulo,1,Dúvida,4.43,0.43,4.40,4.40,1,2,0,0,0,0,0,0,0,0,1,0,0,0,1,0,0,0
Fabiano,Lateral,cruzeiro,2,Dúvida,4.41,-0.49,1.40,0.80,1,2,0,0,0,0,0,0,0,1,0,0,0,0,0,0,0,0
Bruno Henrique,Meia,corinthians,6,Contundido,4.40,0.00,0.00,1.57,6,18,0,1,3,3,0,2,0,6,8,0,1,0,0,0,0,0
Renato,Meia,joinville,2,Contundido,4.36,0.00,0.00,1.15,3,2,0,0,1,1,0,0,0,1,4,0,0,0,0,0,0,0
Joel,Atacante,cruzeiro,5,Nulo,4.35,-0.60,-1.80,0.04,4,4,0,0,0,1,0,1,0,1,1,0,1,0,0,0,0,0
Henrique Dourado,Atacante,cruzeiro,4,Nulo,4.32,0.00,0.00,0.55,2,4,0,1,1,2,0,3,0,0,4,0,0,0,0,0,0,0
Dodô,Meia,atlético-mg,3,Nulo,4.30,0.00,0.00,1.10,2,5,0,0,0,2,0,0,0,2,2,0,0,0,0,0,0,0
Tiago Alves,Zagueiro,ponte preta,6,Provável,4.30,0.75,2.90,2.85,2,10,0,0,0,1,2,1,0,2,7,0,1,1,2,0,0,0
Breno Lopes,Lateral,fluminense,1,Nulo,4.29,0.00,0.00,12.00,0,3,1,0,0,0,0,0,0,2,1,0,0,0,1,0,0,0
Amaral,Meia,palmeiras,2,Nulo,4.27,0.00,0.00,-0.75,0,0,0,0,0,0,0,0,0,0,3,0,0,0,0,0,0,0
Edcarlos,Zagueiro,atlético-mg,1,Nulo,4.27,0.00,0.00,1.40,0,1,0,0,0,0,0,0,0,1,0,0,0,0,0,0,0,0
Wagner,Meia,fluminense,6,Nulo,4.23,0.00,0.00,-0.63,6,21,0,0,1,1,0,0,0,4,6,0,3,0,0,0,0,0
Thiago Santana,Atacante,figueirense,2,Nulo,4.22,-1.49,-0.60,4.20,4,1,0,0,0,1,1,1,0,0,3,0,0,0,0,0,0,0
William Popp,Atacante,joinville,5,Provável,4.20,0.39,1.40,0.64,5,11,0,0,1,3,0,0,0,2,1,0,1,0,0,0,0,0
Ceará,Lateral,cruzeiro,1,Nulo,4.13,0.00,0.00,-1.90,0,3,0,0,0,0,0,0,0,0,2,0,0,0,0,0,0,0
Paulo Victor,Goleiro,flamengo,7,Provável,4.12,1.34,9.70,1.04,3,4,0,0,0,0,0,0,0,0,0,0,2,0,2,7,0,10
Cárdenas,Meia,atlético-mg,1,Nulo,4.11,0.00,0.00,0.20,1,4,0,0,0,1,0,1,0,1,2,0,0,0,0,0,0,0
Rodolfo,Meia,coritiba,1,Nulo,4.11,0.00,0.00,0.20,1,1,0,0,0,0,0,0,0,0,0,0,0,0,0,0,0,0
Maicon,Meia,grêmio,7,Provável,4.11,0.49,2.20,-0.22,4,23,0,0,2,1,0,0,0,6,15,0,1,0,0,0,0,0
Bruno Rangel,Atacante,chapecoense,2,Nulo,4.08,-0.67,0.00,0.00,0,0,0,0,0,0,0,0,0,0,0,0,0,0,0,0,0,0
Neto Moura,Meia,sport,5,Provável,4.02,0.97,3.30,2.00,4,13,0,0,1,4,1,0,0,3,6,0,1,0,0,0,0,0
Daniel Guedes ,Lateral,santos,3,Provável,4.01,0.00,0.00,2.80,1,10,1,0,0,1,0,0,0,6,6,0,1,0,0,0,0,0
Gabriel,Zagueiro,grêmio,0,Contundido,4.00,0.00,0.00,0.00,0,0,0,0,0,0,0,0,0,0,0,0,0,0,0,0,0,0
Ricardo Silva,Zagueiro,atlético-pr,0,Nulo,4.00,0.00,0.00,0.00,0,0,0,0,0,0,0,0,0,0,0,0,0,0,0,0,0,0
Mouche,Atacante,palmeiras,0,Contundido,4.00,0.00,0.00,0.00,0,0,0,0,0,0,0,0,0,0,0,0,0,0,0,0,0,0
João Pedro ,Lateral,palmeiras,0,Nulo,4.00,0.00,0.00,0.00,0,0,0,0,0,0,0,0,0,0,0,0,0,0,0,0,0,0
Diego Ivo,Zagueiro,ponte preta,0,Nulo,4.00,0.00,0.00,0.00,0,0,0,0,0,0,0,0,0,0,0,0,0,0,0,0,0,0
Willian Rocha,Lateral,avaí,0,Nulo,4.00,0.00,0.00,0.00,0,0,0,0,0,0,0,0,0,0,0,0,0,0,0,0,0,0
Felipe Saturnino,Lateral,goiás,0,Nulo,4.00,0.00,0.00,0.00,0,0,0,0,0,0,0,0,0,0,0,0,0,0,0,0,0,0
Sander,Lateral,avaí,0,Nulo,4.00,0.00,0.00,0.00,0,0,0,0,0,0,0,0,0,0,0,0,0,0,0,0,0,0
Thiego,Zagueiro,chapecoense,0,Nulo,4.00,0.00,0.00,0.00,0,0,0,0,0,0,0,0,0,0,0,0,0,0,0,0,0,0
Rafinha,Meia,fluminense,0,Nulo,4.00,0.00,0.00,0.00,0,0,0,0,0,0,0,0,0,0,0,0,0,0,0,0,0,0
Luiz Fernando ,Meia,fluminense,0,Nulo,4.00,0.00,0.00,0.00,0,0,0,0,0,0,0,0,0,0,0,0,0,0,0,0,0,0
Danilo,Atacante,goiás,0,Nulo,4.00,0.00,0.00,0.00,0,0,0,0,0,0,0,0,0,0,0,0,0,0,0,0,0,0
Lorran,Lateral,vasco,0,Nulo,4.00,0.00,0.00,0.00,0,0,0,0,0,0,0,0,0,0,0,0,0,0,0,0,0,0
Jomar,Zagueiro,vasco,0,Nulo,4.00,0.00,0.00,0.00,0,0,0,0,0,0,0,0,0,0,0,0,0,0,0,0,0,0
Nei,Lateral,vasco,0,Contundido,4.00,0.00,0.00,0.00,0,0,0,0,0,0,0,0,0,0,0,0,0,0,0,0,0,0
Andrei Girotto,Meia,palmeiras,0,Nulo,4.00,0.00,0.00,0.00,0,0,0,0,0,0,0,0,0,0,0,0,0,0,0,0,0,0
Diogo Sodré,Meia,coritiba,0,Nulo,4.00,0.00,0.00,0.00,0,0,0,0,0,0,0,0,0,0,0,0,0,0,0,0,0,0
André Paulino,Zagueiro,chapecoense,0,Nulo,4.00,0.00,0.00,0.00,0,0,0,0,0,0,0,0,0,0,0,0,0,0,0,0,0,0
Edinho,Meia,grêmio,0,Nulo,4.00,0.00,0.00,0.00,0,0,0,0,0,0,0,0,0,0,0,0,0,0,0,0,0,0
César,Goleiro,flamengo,0,Nulo,4.00,0.00,0.00,0.00,0,0,0,0,0,0,0,0,0,0,0,0,0,0,0,0,0,0
João Afonso,Meia,chapecoense,0,Nulo,4.00,0.00,0.00,0.00,0,0,0,0,0,0,0,0,0,0,0,0,0,0,0,0,0,0
Jubal,Zagueiro,avaí,0,Nulo,4.00,0.00,0.00,0.00,0,0,0,0,0,0,0,0,0,0,0,0,0,0,0,0,0,0
Alef,Zagueiro,joinville,0,Nulo,4.00,0.00,0.00,0.00,0,0,0,0,0,0,0,0,0,0,0,0,0,0,0,0,0,0
Carlos Henrique,Atacante,figueirense,0,Nulo,4.00,0.00,0.00,0.00,0,0,0,0,0,0,0,0,0,0,0,0,0,0,0,0,0,0
Thiago Carvalho,Zagueiro,cruzeiro,0,Nulo,4.00,0.00,0.00,0.00,0,0,0,0,0,0,0,0,0,0,0,0,0,0,0,0,0,0
Rafinha,Meia,atlético-pr,0,Nulo,4.00,0.00,0.00,0.00,0,0,0,0,0,0,0,0,0,0,0,0,0,0,0,0,0,0
Luan,Meia,figueirense,0,Contundido,4.00,0.00,0.00,0.00,0,0,0,0,0,0,0,0,0,0,0,0,0,0,0,0,0,0
Alessandro,Lateral,atlético-pr,0,Nulo,4.00,0.00,0.00,0.00,0,0,0,0,0,0,0,0,0,0,0,0,0,0,0,0,0,0
Guilherme Lazaroni,Lateral,figueirense,0,Nulo,4.00,0.00,0.00,0.00,0,0,0,0,0,0,0,0,0,0,0,0,0,0,0,0,0,0
Jair,Meia,internacional,0,Nulo,4.00,0.00,0.00,0.00,0,0,0,0,0,0,0,0,0,0,0,0,0,0,0,0,0,0
Clayton Sales,Lateral,goiás,1,Provável,3.99,0.99,5.90,5.90,2,4,0,0,0,0,0,0,0,3,4,0,1,0,1,0,0,0
Allano,Atacante,cruzeiro,3,Provável,3.99,0.87,4.20,2.83,4,4,0,0,0,0,0,1,0,6,4,0,0,0,0,0,0,0
Reinaldo,Lateral,são paulo,6,Dúvida,3.98,-0.05,2.70,1.78,5,18,0,0,0,1,0,0,0,2,11,0,0,1,4,0,0,0
André,Atacante,sport,1,Nulo,3.98,-1.02,-0.50,-0.50,0,0,0,0,0,0,0,1,0,0,0,0,0,0,0,0,0,0
Giva,Atacante,coritiba,1,Nulo,3.96,0.00,0.00,-0.30,0,1,0,0,0,0,0,0,0,0,0,0,0,0,0,0,0,0
Heracles,Lateral,joinville,3,Nulo,3.92,0.00,0.00,1.80,3,10,0,0,0,1,0,0,0,6,4,0,1,0,0,0,0,0
Lincoln,Meia,grêmio,2,Nulo,3.91,0.00,0.00,0.40,0,2,0,0,0,1,0,1,0,1,1,0,0,0,0,0,0,0
Everaldo,Atacante,figueirense,4,Nulo,3.89,0.00,0.00,0.97,5,5,0,0,3,1,0,1,0,1,4,0,0,0,0,0,0,0
Jean Deretti,Meia,figueirense,1,Nulo,3.88,0.00,0.00,-1.10,0,2,0,0,0,0,0,1,0,0,0,0,0,0,0,0,0,0
Vitinho,Atacante,grêmio,2,Nulo,3.87,0.00,0.00,-0.15,1,1,0,0,0,0,0,0,0,0,1,0,0,0,0,0,0,0
Lucas Gomes,Atacante,fluminense,3,Dúvida,3.86,-0.28,0.50,-0.03,2,1,0,0,0,1,0,2,0,0,1,0,0,0,0,0,0,0
Nino Paraíba,Lateral,avaí,6,Provável,3.82,-1.78,-3.60,1.32,10,24,0,0,1,0,0,1,0,8,10,0,2,0,1,0,0,0
Tiago,Goleiro,grêmio,3,Provável,3.82,-0.04,1.00,3.13,0,2,0,0,0,0,0,0,0,0,0,0,0,0,0,6,0,4
Rodrigo Mancha,Meia,sport,5,Provável,3.77,-0.34,0.20,0.56,3,2,0,0,0,0,0,0,0,2,3,0,0,0,0,0,0,0
Juliano,Meia,goiás,2,Nulo,3.76,0.00,0.00,0.00,1,0,0,0,0,0,0,0,0,0,1,0,0,0,0,0,0,0
Léo Lisboa,Meia,figueirense,1,Nulo,3.72,0.00,0.00,-0.30,0,1,0,0,0,0,0,0,0,0,0,0,0,0,0,0,0,0
Fabinho,Meia,figueirense,5,Contundido,3.66,0.00,0.00,1.58,4,11,0,0,0,2,0,2,0,9,5,0,2,0,0,0,0,0
Neto,Zagueiro,chapecoense,2,Nulo,3.62,-0.24,-1.00,-0.90,0,1,0,0,0,0,0,0,0,0,3,0,0,0,0,0,0,0
Welinton Junior,Atacante,joinville,3,Nulo,3.62,0.00,0.00,1.30,1,2,0,0,1,3,0,0,0,2,1,0,1,0,0,0,0,0
Willian Farias,Meia,cruzeiro,2,Contundido,3.57,0.00,0.00,-0.05,1,2,0,0,0,0,0,0,0,0,0,0,0,0,0,0,0,0
Nenén,Meia,chapecoense,2,Nulo,3.54,0.00,0.00,0.25,1,0,0,0,0,0,0,0,0,0,0,0,0,0,0,0,0,0
Julio Cesar,Lateral,vasco,2,Provável,3.51,0.33,1.40,0.55,2,2,0,0,0,0,0,1,0,1,1,0,0,0,0,0,0,0
Eduardo,Zagueiro,internacional,2,Nulo,3.49,0.00,0.00,2.50,0,0,0,0,0,0,0,0,0,0,0,0,0,0,1,0,0,0
Jonathan Cafu,Atacante,são paulo,1,Dúvida,3.41,0.00,0.00,0.50,1,0,0,0,0,0,0,0,0,0,0,0,0,0,0,0,0,0
Marcos Junior,Atacante,fluminense,3,Dúvida,3.31,-0.71,-3.00,1.13,1,2,0,0,1,0,1,0,0,0,3,0,2,0,0,0,0,0
Erazo,Zagueiro,grêmio,2,Nulo,3.31,0.00,0.00,-0.15,2,5,0,0,0,0,0,0,0,1,1,1,0,0,1,0,0,0
Marquinhos,Meia,santos,1,Nulo,3.29,0.00,0.00,1.80,1,2,0,0,0,1,0,0,0,1,1,0,0,0,0,0,0,0
Leandro,Atacante,palmeiras,2,Nulo,3.27,0.00,0.00,-1.00,0,0,0,0,0,0,0,0,0,0,0,0,1,0,0,0,0,0
Araújo,Meia,grêmio,1,Nulo,3.21,0.00,0.00,2.80,0,2,0,0,0,0,0,0,0,2,0,0,0,0,0,0,0,0
Cesinha,Atacante,ponte preta,4,Nulo,3.20,-0.09,-0.30,1.57,3,2,1,0,0,1,0,1,0,1,3,0,0,0,0,0,0,0
Denner,Meia,avaí,2,Nulo,3.14,0.00,0.00,0.90,1,2,0,0,0,0,0,1,0,2,2,0,0,0,0,0,0,0
Giovanni,Meia,atlético-pr,4,Dúvida,3.11,-0.01,0.90,1.30,3,11,0,0,2,2,0,0,0,3,3,0,0,0,0,0,0,0
Marrone,Lateral,avaí,1,Nulo,3.10,0.00,0.00,-2.50,0,0,0,0,0,0,0,0,0,0,1,0,1,0,0,0,0,0
Pedro Rocha,Atacante,grêmio,6,Provável,3.09,0.90,3.60,1.77,5,12,1,0,4,3,0,5,0,3,4,0,0,0,0,0,0,0
Maicon Talhetti,Meia,figueirense,0,Nulo,3.00,0.00,0.00,0.00,0,0,0,0,0,0,0,0,0,0,0,0,0,0,0,0,0,0
Evandro,Lateral,sport,0,Nulo,3.00,0.00,0.00,0.00,0,0,0,0,0,0,0,0,0,0,0,0,0,0,0,0,0,0
Eberson,Zagueiro,coritiba,0,Nulo,3.00,0.00,0.00,0.00,0,0,0,0,0,0,0,0,0,0,0,0,0,0,0,0,0,0
Naldinho,Meia,sport,0,Nulo,3.00,0.00,0.00,0.00,0,0,0,0,0,0,0,0,0,0,0,0,0,0,0,0,0,0
Luccas Barreto,Meia,coritiba,0,Nulo,3.00,0.00,0.00,0.00,0,0,0,0,0,0,0,0,0,0,0,0,0,0,0,0,0,0
Tiago Costa,Lateral,chapecoense,0,Nulo,3.00,0.00,0.00,0.00,0,0,0,0,0,0,0,0,0,0,0,0,0,0,0,0,0,0
Moisés,Meia,grêmio,0,Nulo,3.00,0.00,0.00,0.00,0,0,0,0,0,0,0,0,0,0,0,0,0,0,0,0,0,0
Breno,Zagueiro,são paulo,0,Nulo,3.00,0.00,0.00,0.00,0,0,0,0,0,0,0,0,0,0,0,0,0,0,0,0,0,0
Tauã,Atacante,avaí,0,Nulo,3.00,0.00,0.00,0.00,0,0,0,0,0,0,0,0,0,0,0,0,0,0,0,0,0,0
Marcos Vinícius,Meia,cruzeiro,0,Contundido,3.00,0.00,0.00,0.00,0,0,0,0,0,0,0,0,0,0,0,0,0,0,0,0,0,0
Núbio Flávio ,Atacante,atlético-pr,0,Nulo,3.00,0.00,0.00,0.00,0,0,0,0,0,0,0,0,0,0,0,0,0,0,0,0,0,0
Giovanni,Goleiro,atlético-mg,0,Nulo,3.00,0.00,0.00,0.00,0,0,0,0,0,0,0,0,0,0,0,0,0,0,0,0,0,0
Lucas Cândido,Meia,atlético-mg,0,Contundido,3.00,0.00,0.00,0.00,0,0,0,0,0,0,0,0,0,0,0,0,0,0,0,0,0,0
Mário Sérgio,Lateral,goiás,0,Nulo,3.00,0.00,0.00,0.00,0,0,0,0,0,0,0,0,0,0,0,0,0,0,0,0,0,0
Dudu,Atacante,figueirense,2,Nulo,3.00,0.00,0.00,-0.55,2,2,0,0,0,0,0,1,0,0,2,0,0,0,0,0,0,0
Ewandro,Atacante,são paulo,0,Dúvida,3.00,0.00,0.00,0.00,0,0,0,0,0,0,0,0,0,0,0,0,0,0,0,0,0,0
Ronaldo,Meia,sport,0,Nulo,3.00,0.00,0.00,0.00,0,0,0,0,0,0,0,0,0,0,0,0,0,0,0,0,0,0
Jonatan Lucca,Meia,atlético-pr,0,Nulo,3.00,0.00,0.00,0.00,0,0,0,0,0,0,0,0,0,0,0,0,0,0,0,0,0,0
Marciel,Meia,corinthians,0,Nulo,3.00,0.00,0.00,0.00,0,0,0,0,0,0,0,0,0,0,0,0,0,0,0,0,0,0
Aislan,Zagueiro,vasco,0,Nulo,3.00,0.00,0.00,0.00,0,0,0,0,0,0,0,0,0,0,0,0,0,0,0,0,0,0
Trípodi,Atacante,joinville,0,Nulo,3.00,0.00,0.00,0.00,0,0,0,0,0,0,0,0,0,0,0,0,0,0,0,0,0,0
Mosquito,Atacante,vasco,0,Nulo,3.00,0.00,0.00,0.00,0,0,0,0,0,0,0,0,0,0,0,0,0,0,0,0,0,0
Guilherme Andrade,Lateral,corinthians,0,Nulo,3.00,0.00,0.00,0.00,0,0,0,0,0,0,0,0,0,0,0,0,0,0,0,0,0,0
Conrado,Atacante,avaí,0,Nulo,3.00,0.00,0.00,0.00,0,0,0,0,0,0,0,0,0,0,0,0,0,0,0,0,0,0
Caramelo,Lateral,chapecoense,0,Nulo,3.00,0.00,0.00,0.00,0,0,0,0,0,0,0,0,0,0,0,0,0,0,0,0,0,0
Luiz Carlos ,Goleiro,sport,0,Nulo,3.00,0.00,0.00,0.00,0,0,0,0,0,0,0,0,0,0,0,0,0,0,0,0,0,0
Diego,Goleiro,avaí,0,Nulo,3.00,0.00,0.00,0.00,0,0,0,0,0,0,0,0,0,0,0,0,0,0,0,0,0,0
Rudnei,Meia,avaí,0,Nulo,3.00,0.00,0.00,0.00,0,0,0,0,0,0,0,0,0,0,0,0,0,0,0,0,0,0
Guilherme Batata,Meia,atlético-pr,0,Nulo,3.00,0.00,0.00,0.00,0,0,0,0,0,0,0,0,0,0,0,0,0,0,0,0,0,0
Gustavo Tocantins,Atacante,corinthians,0,Nulo,3.00,0.00,0.00,0.00,0,0,0,0,0,0,0,0,0,0,0,0,0,0,0,0,0,0
Rafael Donato,Zagueiro,joinville,0,Contundido,3.00,0.00,0.00,0.00,0,0,0,0,0,0,0,0,0,0,0,0,0,0,0,0,0,0
Santos,Goleiro,atlético-pr,0,Nulo,3.00,0.00,0.00,0.00,0,0,0,0,0,0,0,0,0,0,0,0,0,0,0,0,0,0
Nivaldo,Goleiro,chapecoense,0,Nulo,3.00,0.00,0.00,0.00,0,0,0,0,0,0,0,0,0,0,0,0,0,0,0,0,0,0
Crysan,Atacante,atlético-pr,0,Nulo,3.00,0.00,0.00,0.00,0,0,0,0,0,0,0,0,0,0,0,0,0,0,0,0,0,0
Bruno Pelissari,Meia,atlético-pr,0,Nulo,3.00,0.00,0.00,0.00,0,0,0,0,0,0,0,0,0,0,0,0,0,0,0,0,0,0
Gustavo Scarpa,Meia,fluminense,0,Nulo,3.00,0.00,0.00,0.00,0,0,0,0,0,0,0,0,0,0,0,0,0,0,0,0,0,0
Leonardo,Zagueiro,santos,0,Nulo,3.00,0.00,0.00,0.00,0,0,0,0,0,0,0,0,0,0,0,0,0,0,0,0,0,0
Érico Júnior,Atacante,sport,0,Nulo,3.00,0.00,0.00,0.00,0,0,0,0,0,0,0,0,0,0,0,0,0,0,0,0,0,0
Revson,Meia,avaí,0,Nulo,3.00,0.00,0.00,0.00,0,0,0,0,0,0,0,0,0,0,0,0,0,0,0,0,0,0
Kadu,Meia,joinville,0,Nulo,3.00,0.00,0.00,0.00,0,0,0,0,0,0,0,0,0,0,0,0,0,0,0,0,0,0
Lucas Crispim,Meia,santos,0,Nulo,3.00,0.00,0.00,0.00,0,0,0,0,0,0,0,0,0,0,0,0,0,0,0,0,0,0
Marcelo Hermes,Lateral,grêmio,0,Nulo,3.00,0.00,0.00,0.00,0,0,0,0,0,0,0,0,0,0,0,0,0,0,0,0,0,0
Matheus Sávio,Atacante,flamengo,0,Nulo,3.00,0.00,0.00,0.00,0,0,0,0,0,0,0,0,0,0,0,0,0,0,0,0,0,0
Júnior Lopes,Zagueiro,goiás,0,Nulo,3.00,0.00,0.00,0.00,0,0,0,0,0,0,0,0,0,0,0,0,0,0,0,0,0,0
Ryder,Meia,palmeiras,0,Nulo,3.00,0.00,0.00,0.00,0,0,0,0,0,0,0,0,0,0,0,0,0,0,0,0,0,0
Fabio,Goleiro,palmeiras,0,Nulo,3.00,0.00,0.00,0.00,0,0,0,0,0,0,0,0,0,0,0,0,0,0,0,0,0,0
Klever,Goleiro,fluminense,0,Nulo,3.00,0.00,0.00,0.00,0,0,0,0,0,0,0,0,0,0,0,0,0,0,0,0,0,0
Zeca,Lateral,santos,0,Nulo,3.00,0.00,0.00,0.00,0,0,0,0,0,0,0,0,0,0,0,0,0,0,0,0,0,0
Andrigo,Meia,internacional,0,Nulo,3.00,0.00,0.00,0.00,0,0,0,0,0,0,0,0,0,0,0,0,0,0,0,0,0,0
Neilton,Atacante,cruzeiro,1,Nulo,2.99,0.00,0.00,1.50,1,0,0,0,1,0,0,0,0,0,0,0,0,0,0,0,0,0
Alisson Farias,Meia,internacional,3,Nulo,2.90,0.00,0.00,1.00,3,2,0,0,1,1,0,0,0,2,2,0,1,0,0,0,0,0
Frauches ,Zagueiro,flamengo,1,Nulo,2.83,0.00,0.00,4.40,0,2,0,0,0,0,0,0,0,0,0,0,0,0,1,0,0,0
Saimon,Zagueiro,figueirense,1,Nulo,2.82,-0.18,1.20,1.20,0,0,0,0,0,0,0,0,0,1,1,0,0,0,0,0,0,0
Judivan ,Atacante,cruzeiro,1,Nulo,2.77,0.00,0.00,-0.50,0,0,0,0,0,0,0,1,0,0,0,0,0,0,0,0,0,0
Jadson,Meia,atlético-pr,5,Nulo,2.77,0.00,0.00,-1.12,4,9,0,0,0,0,0,0,0,3,6,0,1,1,0,0,0,0
Everton Silva,Lateral,avaí,1,Nulo,2.77,0.00,0.00,-0.50,0,0,0,0,0,0,0,1,0,0,0,0,0,0,0,0,0,0
Ytalo,Atacante,atlético-pr,4,Provável,2.73,-1.29,-0.40,1.50,1,2,0,0,0,2,1,0,0,1,2,0,2,0,0,0,0,0
Jéci,Zagueiro,avaí,6,Suspenso,2.72,-0.86,-1.10,0.43,6,14,0,0,3,3,0,0,0,1,4,0,3,0,1,0,0,0
Emerson,Zagueiro,avaí,4,Provável,2.70,-1.12,2.00,2.25,4,7,0,0,0,3,0,0,0,5,5,0,2,0,1,0,0,0
Oswaldo,Zagueiro,sport,1,Nulo,2.69,0.00,0.00,-0.60,0,1,0,0,0,1,0,0,0,0,2,0,0,0,0,0,0,0
Artur,Lateral,internacional,2,Nulo,2.69,0.00,0.00,1.95,1,5,0,0,0,0,0,0,0,2,3,0,1,0,1,0,0,0
Geferson,Lateral,internacional,2,Nulo,2.67,0.00,0.00,3.10,0,4,0,0,0,0,0,0,0,2,2,0,0,0,1,0,0,0
Marcelo,Zagueiro,flamengo,1,Nulo,2.63,0.00,0.00,2.70,1,4,0,0,0,0,0,0,0,2,0,0,0,0,0,0,0,0
João Paulo,Meia,coritiba,6,Nulo,2.63,0.00,0.00,-0.45,4,18,0,0,1,1,0,0,0,5,11,0,2,0,0,0,0,0
Vilson,Zagueiro,chapecoense,6,Provável,2.60,0.00,0.00,0.28,4,14,0,0,0,0,0,0,0,2,5,0,1,1,2,0,0,0
Yago,Meia,figueirense,6,Nulo,2.57,-0.62,-0.30,0.87,9,6,0,0,1,1,0,0,0,4,8,0,1,0,0,0,0,0
Antônio Carlos ,Zagueiro,avaí,5,Provável,2.53,0.00,0.00,-0.26,4,10,0,0,1,1,0,0,0,5,7,1,3,0,1,0,0,0
Juninho,Meia,ponte preta,6,Nulo,2.50,-0.20,-0.30,0.07,1,4,0,0,0,1,0,0,0,2,2,0,1,0,0,0,0,0
Bruno,Goleiro,coritiba,7,Provável,2.49,0.02,-2.00,-0.01,1,2,0,0,0,0,0,0,0,0,0,0,0,0,1,5,0,10
Niltinho,Atacante,joinville,2,Nulo,2.48,0.00,0.00,0.45,3,6,0,0,0,0,0,0,0,1,1,0,0,0,0,0,0,0
Maranhão,Meia,chapecoense,4,Nulo,2.46,-0.16,-0.30,-0.55,2,3,0,0,0,1,0,0,0,0,2,0,1,0,0,0,0,0
Romário ,Lateral,avaí,6,Provável,2.40,-1.35,-2.50,1.18,4,24,0,0,0,0,0,0,0,9,8,0,2,0,1,0,0,0
Kempes,Atacante,joinville,6,Nulo,2.39,0.52,2.60,-0.53,4,9,0,0,3,4,0,4,0,1,12,0,1,0,0,0,0,0
Mateus Oliveira,Atacante,coritiba,1,Nulo,2.37,0.00,0.00,0.00,0,0,0,0,0,0,0,0,0,0,0,0,0,0,0,0,0,0
Paulo,Atacante,goiás,1,Nulo,2.37,0.00,0.00,0.00,0,0,0,0,0,0,0,0,0,0,0,0,0,0,0,0,0,0
Cicinho,Lateral,santos,1,Contundido,2.37,0.00,0.00,-2.00,0,0,0,0,0,0,0,0,0,0,0,0,1,0,0,0,0,0
Ícaro,Meia,coritiba,1,Nulo,2.31,0.00,0.00,-0.50,0,0,0,0,0,0,0,0,0,0,1,0,0,0,0,0,0,0
Nirley,Zagueiro,figueirense,1,Contundido,2.29,0.00,0.00,-2.10,1,1,0,0,0,0,0,0,0,1,4,0,1,0,0,0,0,0
Péricles,Meia,goiás,5,Nulo,2.22,0.59,2.20,0.52,6,9,0,0,0,3,0,0,0,6,8,0,3,0,0,0,0,0
Arthur,Meia,goiás,3,Nulo,2.19,0.00,0.00,0.47,0,6,0,0,2,0,0,0,0,1,1,0,0,0,0,0,0,0
Abuda,Meia,chapecoense,4,Nulo,2.18,0.00,0.00,1.80,1,16,1,0,0,0,0,0,0,5,4,0,0,0,0,0,0,0
Eurico,Meia,cruzeiro,2,Nulo,2.16,0.00,0.00,-0.05,4,2,0,0,0,0,0,0,0,0,3,0,0,0,0,0,0,0
Dankler,Zagueiro,joinville,3,Provável,2.16,0.09,0.80,0.43,0,6,0,0,1,1,0,0,0,2,0,0,1,0,0,0,0,0
Pará,Lateral,cruzeiro,5,Provável,2.14,-1.08,-3.80,1.50,10,19,0,0,0,1,0,0,0,5,8,0,1,0,1,0,0,0
Diego,Lateral,joinville,1,Provável,2.08,0.08,1.60,1.60,1,5,0,0,1,2,0,1,0,1,2,0,0,0,0,0,0,0
Luiz Paulo ,Lateral,atlético-pr,0,Nulo,2.00,0.00,0.00,0.00,0,0,0,0,0,0,0,0,0,0,0,0,0,0,0,0,0,0
Lucas Machado,Meia,chapecoense,0,Nulo,2.00,0.00,0.00,0.00,0,0,0,0,0,0,0,0,0,0,0,0,0,0,0,0,0,0
Victor Oliveira,Zagueiro,fluminense,0,Nulo,2.00,0.00,0.00,0.00,0,0,0,0,0,0,0,0,0,0,0,0,0,0,0,0,0,0
Michel,Lateral,chapecoense,0,Nulo,2.00,0.00,0.00,0.00,0,0,0,0,0,0,0,0,0,0,0,0,0,0,0,0,0,0
Erick Daltro,Lateral,vasco,0,Nulo,2.00,0.00,0.00,0.00,0,0,0,0,0,0,0,0,0,0,0,0,0,0,0,0,0,0
Rafael Zuchi,Zagueiro,atlético-pr,0,Nulo,2.00,0.00,0.00,0.00,0,0,0,0,0,0,0,0,0,0,0,0,0,0,0,0,0,0
Tinga,Lateral,grêmio,0,Nulo,2.00,0.00,0.00,0.00,0,0,0,0,0,0,0,0,0,0,0,0,0,0,0,0,0,0
Felipe Zang,Zagueiro,chapecoense,0,Nulo,2.00,0.00,0.00,0.00,0,0,0,0,0,0,0,0,0,0,0,0,0,0,0,0,0,0
Igor ,Zagueiro,chapecoense,0,Nulo,2.00,0.00,0.00,0.00,0,0,0,0,0,0,0,0,0,0,0,0,0,0,0,0,0,0
Júlio César,Goleiro,fluminense,0,Nulo,2.00,0.00,0.00,0.00,0,0,0,0,0,0,0,0,0,0,0,0,0,0,0,0,0,0
Renato,Meia,avaí,0,Nulo,2.00,0.00,0.00,0.00,0,0,0,0,0,0,0,0,0,0,0,0,0,0,0,0,0,0
Michael,Atacante,fluminense,0,Suspenso,2.00,0.00,0.00,0.00,0,0,0,0,0,0,0,0,0,0,0,0,0,0,0,0,0,0
Juninho,Meia,avaí,0,Nulo,2.00,0.00,0.00,0.00,0,0,0,0,0,0,0,0,0,0,0,0,0,0,0,0,0,0
Deivid Duarte,Zagueiro,goiás,0,Nulo,2.00,0.00,0.00,0.00,0,0,0,0,0,0,0,0,0,0,0,0,0,0,0,0,0,0
Matteus ,Meia,atlético-pr,0,Contundido,2.00,0.00,0.00,0.00,0,0,0,0,0,0,0,0,0,0,0,0,0,0,0,0,0,0
Nathan Índio,Meia,ponte preta,0,Nulo,2.00,0.00,0.00,0.00,0,0,0,0,0,0,0,0,0,0,0,0,0,0,0,0,0,0
Joãozinho,Lateral,joinville,0,Contundido,2.00,0.00,0.00,0.00,0,0,0,0,0,0,0,0,0,0,0,0,0,0,0,0,0,0
Danrlei,Zagueiro,joinville,0,Nulo,2.00,0.00,0.00,0.00,0,0,0,0,0,0,0,0,0,0,0,0,0,0,0,0,0,0
Eriks,Zagueiro,internacional,0,Nulo,2.00,0.00,0.00,0.00,0,0,0,0,0,0,0,0,0,0,0,0,0,0,0,0,0,0
Gelson,Meia,goiás,0,Nulo,2.00,0.00,0.00,0.00,0,0,0,0,0,0,0,0,0,0,0,0,0,0,0,0,0,0
Balbino,Meia,grêmio,0,Nulo,2.00,0.00,0.00,0.00,0,0,0,0,0,0,0,0,0,0,0,0,0,0,0,0,0,0
Arthur,Meia,grêmio,0,Contundido,2.00,0.00,0.00,0.00,0,0,0,0,0,0,0,0,0,0,0,0,0,0,0,0,0,0
Emerson Conceição,Lateral,atlético-mg,0,Nulo,2.00,0.00,0.00,0.00,0,0,0,0,0,0,0,0,0,0,0,0,0,0,0,0,0,0
Erick Samuel,Atacante,grêmio,0,Nulo,2.00,0.00,0.00,0.00,0,0,0,0,0,0,0,0,0,0,0,0,0,0,0,0,0,0
Matheus ,Atacante,chapecoense,0,Nulo,2.00,0.00,0.00,0.00,0,0,0,0,0,0,0,0,0,0,0,0,0,0,0,0,0,0
Gustavo Ferrareis,Atacante,internacional,0,Nulo,2.00,0.00,0.00,0.00,0,0,0,0,0,0,0,0,0,0,0,0,0,0,0,0,0,0
Juninho,Meia,joinville,0,Nulo,2.00,0.00,0.00,0.00,0,0,0,0,0,0,0,0,0,0,0,0,0,0,0,0,0,0
Crystian,Lateral,santos,0,Nulo,2.00,0.00,0.00,0.00,0,0,0,0,0,0,0,0,0,0,0,0,0,0,0,0,0,0
Leonardo,Lateral,fluminense,0,Nulo,2.00,0.00,0.00,0.00,0,0,0,0,0,0,0,0,0,0,0,0,0,0,0,0,0,0
Juninho,Meia,palmeiras,0,Nulo,2.00,0.00,0.00,0.00,0,0,0,0,0,0,0,0,0,0,0,0,0,0,0,0,0,0
Arancibia,Meia,palmeiras,0,Nulo,2.00,0.00,0.00,0.00,0,0,0,0,0,0,0,0,0,0,0,0,0,0,0,0,0,0
Baiano,Zagueiro,goiás,0,Nulo,2.00,0.00,0.00,0.00,0,0,0,0,0,0,0,0,0,0,0,0,0,0,0,0,0,0
Matheus Cassini,Meia,corinthians,0,Nulo,2.00,0.00,0.00,0.00,0,0,0,0,0,0,0,0,0,0,0,0,0,0,0,0,0,0
Hugo Gumiero,Goleiro,atlético-pr,0,Nulo,2.00,0.00,0.00,0.00,0,0,0,0,0,0,0,0,0,0,0,0,0,0,0,0,0,0
Mateus Silva,Atacante,joinville,0,Nulo,2.00,0.00,0.00,0.00,0,0,0,0,0,0,0,0,0,0,0,0,0,0,0,0,0,0
Liniker,Meia,goiás,0,Nulo,2.00,0.00,0.00,0.00,0,0,0,0,0,0,0,0,0,0,0,0,0,0,0,0,0,0
Artur,Zagueiro,fluminense,0,Nulo,2.00,0.00,0.00,0.00,0,0,0,0,0,0,0,0,0,0,0,0,0,0,0,0,0,0
Nilson,Atacante,santos,0,Nulo,2.00,0.00,0.00,0.00,0,0,0,0,0,0,0,0,0,0,0,0,0,0,0,0,0,0
Victor Bolt,Meia,vasco,0,Nulo,2.00,0.00,0.00,0.00,0,0,0,0,0,0,0,0,0,0,0,0,0,0,0,0,0,0
Ian,Meia,ponte preta,0,Nulo,2.00,0.00,0.00,0.00,0,0,0,0,0,0,0,0,0,0,0,0,0,0,0,0,0,0
Horácio,Meia,sport,0,Nulo,2.00,0.00,0.00,0.00,0,0,0,0,0,0,0,0,0,0,0,0,0,0,0,0,0,0
Léo Cittadini,Meia,santos,0,Nulo,2.00,0.00,0.00,0.00,0,0,0,0,0,0,0,0,0,0,0,0,0,0,0,0,0,0
Walisson,Zagueiro,coritiba,0,Nulo,2.00,0.00,0.00,0.00,0,0,0,0,0,0,0,0,0,0,0,0,0,0,0,0,0,0
Jonathan,Zagueiro,ponte preta,0,Nulo,2.00,0.00,0.00,0.00,0,0,0,0,0,0,0,0,0,0,0,0,0,0,0,0,0,0
Bernardo,Zagueiro,ponte preta,0,Nulo,2.00,0.00,0.00,0.00,0,0,0,0,0,0,0,0,0,0,0,0,0,0,0,0,0,0
Alex,Zagueiro,cruzeiro,0,Nulo,2.00,0.00,0.00,0.00,0,0,0,0,0,0,0,0,0,0,0,0,0,0,0,0,0,0
Ivan,Goleiro,ponte preta,0,Nulo,2.00,0.00,0.00,0.00,0,0,0,0,0,0,0,0,0,0,0,0,0,0,0,0,0,0
Ítalo,Atacante,sport,0,Nulo,2.00,0.00,0.00,0.00,0,0,0,0,0,0,0,0,0,0,0,0,0,0,0,0,0,0
Serginho,Meia,santos,0,Nulo,2.00,0.00,0.00,0.00,0,0,0,0,0,0,0,0,0,0,0,0,0,0,0,0,0,0
Jorge,Lateral,flamengo,0,Nulo,2.00,0.00,0.00,0.00,0,0,0,0,0,0,0,0,0,0,0,0,0,0,0,0,0,0
Jonatan Ponciano,Atacante,figueirense,0,Nulo,2.00,0.00,0.00,0.00,0,0,0,0,0,0,0,0,0,0,0,0,0,0,0,0,0,0
Renan Ribeiro,Goleiro,são paulo,0,Nulo,2.00,0.00,0.00,0.00,0,0,0,0,0,0,0,0,0,0,0,0,0,0,0,0,0,0
Sinho,Lateral,sport,0,Nulo,2.00,0.00,0.00,0.00,0,0,0,0,0,0,0,0,0,0,0,0,0,0,0,0,0,0
Rodrigo Ramos,Lateral,coritiba,0,Nulo,2.00,0.00,0.00,0.00,0,0,0,0,0,0,0,0,0,0,0,0,0,0,0,0,0,0
Léo Rodrigues,Lateral,figueirense,0,Nulo,2.00,0.00,0.00,0.00,0,0,0,0,0,0,0,0,0,0,0,0,0,0,0,0,0,0
Gabriel Gasparotto,Goleiro,santos,0,Nulo,2.00,0.00,0.00,0.00,0,0,0,0,0,0,0,0,0,0,0,0,0,0,0,0,0,0
Daniel,Atacante,figueirense,0,Nulo,2.00,0.00,0.00,0.00,0,0,0,0,0,0,0,0,0,0,0,0,0,0,0,0,0,0
Rafael Vaz,Zagueiro,vasco,0,Nulo,2.00,0.00,0.00,0.00,0,0,0,0,0,0,0,0,0,0,0,0,0,0,0,0,0,0
Citta Júnior,Meia,ponte preta,0,Nulo,2.00,0.00,0.00,0.00,0,0,0,0,0,0,0,0,0,0,0,0,0,0,0,0,0,0
Paulo Victor ,Atacante,coritiba,0,Nulo,2.00,0.00,0.00,0.00,0,0,0,0,0,0,0,0,0,0,0,0,0,0,0,0,0,0
Guilherme,Goleiro,corinthians,0,Nulo,2.00,0.00,0.00,0.00,0,0,0,0,0,0,0,0,0,0,0,0,0,0,0,0,0,0
Bruno Santos,Lateral,figueirense,0,Nulo,2.00,0.00,0.00,0.00,0,0,0,0,0,0,0,0,0,0,0,0,0,0,0,0,0,0
Henrique,Zagueiro,figueirense,1,Nulo,1.98,0.00,0.00,1.50,3,0,0,0,0,0,0,0,0,0,0,0,0,0,0,0,0,0
William Cordeiro,Lateral,figueirense,1,Nulo,1.90,0.00,0.00,1.40,1,1,0,0,0,0,0,0,0,1,1,0,0,0,0,0,0,0
Lucas Ramon ,Lateral,grêmio,1,Nulo,1.84,-0.16,0.50,0.50,1,0,0,0,0,0,0,0,0,0,0,0,0,0,0,0,0,0
Rômulo,Atacante,avaí,3,Nulo,1.81,0.00,0.00,1.13,1,2,0,0,0,0,1,0,0,0,5,0,1,0,0,0,0,0
Ítalo,Meia,joinville,1,Nulo,1.79,0.00,0.00,0.50,0,0,0,0,1,0,0,0,0,0,1,0,0,0,0,0,0,0
Lucão,Zagueiro,são paulo,1,Nulo,1.74,0.00,0.00,0.20,0,5,0,0,0,0,0,0,0,1,0,0,0,0,0,0,0,0
Carlos ,Atacante,goiás,3,Nulo,1.72,-0.03,-0.50,0.47,4,0,0,0,0,1,0,1,0,1,5,0,0,0,0,0,0,0
Júnior,Lateral,grêmio,2,Nulo,1.69,0.00,0.00,-0.35,2,4,0,0,0,0,0,0,0,0,1,0,0,0,0,0,0,0
Dener,Meia,figueirense,3,Nulo,1.68,0.75,2.60,-0.03,1,12,0,0,0,1,0,0,0,4,9,0,0,0,0,0,0,0
Lucas Marques,Meia,internacional,1,Nulo,1.66,0.00,0.00,0.10,1,6,0,0,0,0,0,0,0,2,4,0,0,0,0,0,0,0
Leandro Silva,Zagueiro,coritiba,1,Provável,1.65,-0.35,0.00,0.00,1,0,0,0,0,0,0,0,0,0,1,0,0,0,0,0,0,0
Tiago ,Zagueiro,atlético-mg,1,Nulo,1.58,0.00,0.00,0.00,0,4,0,0,0,0,0,0,0,1,1,0,0,0,0,0,0,0
Luan Polli ,Goleiro,figueirense,1,Nulo,1.58,0.00,0.00,1.00,0,0,0,0,0,0,0,0,0,0,0,0,0,0,0,3,0,4
Victor Ramos,Zagueiro,palmeiras,4,Provável,1.46,0.43,0.30,-1.37,4,6,0,0,0,2,0,1,0,2,4,1,1,1,1,0,0,0
Agenor,Goleiro,joinville,1,Provável,1.43,-1.57,-4.00,-4.00,0,0,0,0,0,0,0,0,0,0,0,0,0,0,0,0,0,2
João Paulo,Atacante,são paulo,2,Dúvida,1.34,0.00,0.00,-0.15,0,1,0,0,0,0,0,0,0,0,0,0,0,0,0,0,0,0
Bruno Alves,Zagueiro,figueirense,6,Nulo,1.24,0.42,4.30,-0.23,2,7,0,0,0,0,0,0,0,6,7,0,1,1,0,0,0,0
Hudson,Meia,são paulo,6,Provável,1.19,-1.49,-4.90,-0.43,1,12,0,0,1,0,0,0,0,5,10,0,2,0,0,0,0,0
William Kozlowski,Meia,goiás,4,Nulo,1.17,0.36,1.70,-0.53,3,1,0,0,0,1,0,0,0,0,0,0,2,0,0,0,0,0
Robert,Atacante,goiás,2,Nulo,1.15,0.00,0.00,0.60,3,1,0,0,0,0,0,0,0,0,0,0,0,0,0,0,0,0
Wesley,Atacante,goiás,5,Provável,1.12,0.30,3.60,-0.28,10,4,0,0,2,2,0,0,0,2,12,0,3,0,0,0,0,0
Ygor,Meia,goiás,1,Contundido,1.11,0.00,0.00,-4.60,2,2,0,0,0,0,0,0,0,0,6,0,1,0,0,0,0,0
Matheus Ribeiro,Lateral,atlético-pr,0,Nulo,1.00,0.00,0.00,0.00,0,0,0,0,0,0,0,0,0,0,0,0,0,0,0,0,0,0
Leo,Goleiro,são paulo,0,Nulo,1.00,0.00,0.00,0.00,0,0,0,0,0,0,0,0,0,0,0,0,0,0,0,0,0,0
Raul,Lateral,grêmio,0,Nulo,1.00,0.00,0.00,0.00,0,0,0,0,0,0,0,0,0,0,0,0,0,0,0,0,0,0
Jatobá,Zagueiro,figueirense,0,Nulo,1.00,0.00,0.00,0.00,0,0,0,0,0,0,0,0,0,0,0,0,0,0,0,0,0,0
Rodrigo Lobão,Zagueiro,ponte preta,0,Nulo,1.00,0.00,0.00,0.00,0,0,0,0,0,0,0,0,0,0,0,0,0,0,0,0,0,0
Kauê,Meia,ponte preta,0,Nulo,1.00,0.00,0.00,0.00,0,0,0,0,0,0,0,0,0,0,0,0,0,0,0,0,0,0
Silas,Meia,internacional,0,Nulo,1.00,0.00,0.00,0.00,0,0,0,0,0,0,0,0,0,0,0,0,0,0,0,0,0,0
Donato,Zagueiro,atlético-mg,0,Nulo,1.00,0.00,0.00,0.00,0,0,0,0,0,0,0,0,0,0,0,0,0,0,0,0,0,0
Rafael Martins,Goleiro,coritiba,0,Nulo,1.00,0.00,0.00,0.00,0,0,0,0,0,0,0,0,0,0,0,0,0,0,0,0,0,0
João Paulo,Goleiro,santos,0,Nulo,1.00,0.00,0.00,0.00,0,0,0,0,0,0,0,0,0,0,0,0,0,0,0,0,0,0
Jhonatan,Goleiro,joinville,0,Nulo,1.00,0.00,0.00,0.00,0,0,0,0,0,0,0,0,0,0,0,0,0,0,0,0,0,0
William Menezes,Goleiro,coritiba,0,Nulo,1.00,0.00,0.00,0.00,0,0,0,0,0,0,0,0,0,0,0,0,0,0,0,0,0,0
João Carlos,Goleiro,ponte preta,0,Nulo,1.00,0.00,0.00,0.00,0,0,0,0,0,0,0,0,0,0,0,0,0,0,0,0,0,0
Léo,Goleiro,grêmio,0,Nulo,1.00,0.00,0.00,0.00,0,0,0,0,0,0,0,0,0,0,0,0,0,0,0,0,0,0
Thiago,Goleiro,flamengo,0,Nulo,1.00,0.00,0.00,0.00,0,0,0,0,0,0,0,0,0,0,0,0,0,0,0,0,0,0
Jacsson,Goleiro,internacional,0,Nulo,1.00,0.00,0.00,0.00,0,0,0,0,0,0,0,0,0,0,0,0,0,0,0,0,0,0
Wallace,Goleiro,goiás,0,Nulo,1.00,0.00,0.00,0.00,0,0,0,0,0,0,0,0,0,0,0,0,0,0,0,0,0,0
Matheus Alves,Goleiro,goiás,0,Nulo,1.00,0.00,0.00,0.00,0,0,0,0,0,0,0,0,0,0,0,0,0,0,0,0,0,0
Vitor,Goleiro,grêmio,0,Nulo,1.00,0.00,0.00,0.00,0,0,0,0,0,0,0,0,0,0,0,0,0,0,0,0,0,0
Gabriel Silva,Zagueiro,grêmio,0,Nulo,1.00,0.00,0.00,0.00,0,0,0,0,0,0,0,0,0,0,0,0,0,0,0,0,0,0
Rafael Thyere,Zagueiro,grêmio,0,Nulo,1.00,0.00,0.00,0.00,0,0,0,0,0,0,0,0,0,0,0,0,0,0,0,0,0,0
Matheuzinho,Meia,figueirense,0,Nulo,1.00,0.00,0.00,0.00,0,0,0,0,0,0,0,0,0,0,0,0,0,0,0,0,0,0
Gabriel Félix,Goleiro,vasco,0,Nulo,1.00,0.00,0.00,0.00,0,0,0,0,0,0,0,0,0,0,0,0,0,0,0,0,0,0
Júnior,Goleiro,figueirense,0,Nulo,1.00,0.00,0.00,0.00,0,0,0,0,0,0,0,0,0,0,0,0,0,0,0,0,0,0
Bruno Gomes,Atacante,internacional,0,Nulo,1.00,0.00,0.00,0.00,0,0,0,0,0,0,0,0,0,0,0,0,0,0,0,0,0,0
Vitor Xavier,Atacante,ponte preta,0,Nulo,1.00,0.00,0.00,0.00,0,0,0,0,0,0,0,0,0,0,0,0,0,0,0,0,0,0
Jeferson,Lateral,ponte preta,0,Nulo,1.00,0.00,0.00,0.00,0,0,0,0,0,0,0,0,0,0,0,0,0,0,0,0,0,0
Uilson,Goleiro,atlético-mg,0,Nulo,1.00,0.00,0.00,0.00,0,0,0,0,0,0,0,0,0,0,0,0,0,0,0,0,0,0
Samuel,Goleiro,coritiba,0,Nulo,1.00,0.00,0.00,0.00,0,0,0,0,0,0,0,0,0,0,0,0,0,0,0,0,0,0
Gabriel,Zagueiro,atlético-mg,0,Nulo,1.00,0.00,0.00,0.00,0,0,0,0,0,0,0,0,0,0,0,0,0,0,0,0,0,0
Alan,Goleiro,cruzeiro,0,Nulo,1.00,0.00,0.00,0.00,0,0,0,0,0,0,0,0,0,0,0,0,0,0,0,0,0,0
Choco,Atacante,atlético-pr,0,Nulo,1.00,0.00,0.00,0.00,0,0,0,0,0,0,0,0,0,0,0,0,0,0,0,0,0,0
Elisson,Goleiro,cruzeiro,0,Nulo,1.00,0.00,0.00,0.00,0,0,0,0,0,0,0,0,0,0,0,0,0,0,0,0,0,0
Matheus,Lateral,são paulo,0,Nulo,1.00,0.00,0.00,0.00,0,0,0,0,0,0,0,0,0,0,0,0,0,0,0,0,0,0
Reynaldo ,Goleiro,ponte preta,0,Nulo,1.00,0.00,0.00,0.00,0,0,0,0,0,0,0,0,0,0,0,0,0,0,0,0,0,0
João Paulo,Goleiro,chapecoense,0,Nulo,1.00,0.00,0.00,0.00,0,0,0,0,0,0,0,0,0,0,0,0,0,0,0,0,0,0
Junio ,Lateral,ponte preta,0,Nulo,1.00,0.00,0.00,0.00,0,0,0,0,0,0,0,0,0,0,0,0,0,0,0,0,0,0
Leandro,Atacante,internacional,0,Nulo,1.00,0.00,0.00,0.00,0,0,0,0,0,0,0,0,0,0,0,0,0,0,0,0,0,0
Lucas Perri,Goleiro,são paulo,0,Nulo,1.00,0.00,0.00,0.00,0,0,0,0,0,0,0,0,0,0,0,0,0,0,0,0,0,0
Philipe Maia,Zagueiro,avaí,0,Nulo,1.00,0.00,0.00,0.00,0,0,0,0,0,0,0,0,0,0,0,0,0,0,0,0,0,0
Iury,Atacante,avaí,0,Nulo,1.00,0.00,0.00,0.00,0,0,0,0,0,0,0,0,0,0,0,0,0,0,0,0,0,0
James Dean,Atacante,sport,0,Nulo,1.00,0.00,0.00,0.00,0,0,0,0,0,0,0,0,0,0,0,0,0,0,0,0,0,0
Bruninho,Atacante,fluminense,0,Nulo,1.00,0.00,0.00,0.00,0,0,0,0,0,0,0,0,0,0,0,0,0,0,0,0,0,0
Pablo Dyego,Atacante,fluminense,0,Nulo,1.00,0.00,0.00,0.00,0,0,0,0,0,0,0,0,0,0,0,0,0,0,0,0,0,0
Vitor,Goleiro,joinville,0,Nulo,1.00,0.00,0.00,0.00,0,0,0,0,0,0,0,0,0,0,0,0,0,0,0,0,0,0
Matheus Vidotto,Goleiro,corinthians,0,Nulo,1.00,0.00,0.00,0.00,0,0,0,0,0,0,0,0,0,0,0,0,0,0,0,0,0,0
Alisson,Atacante,sport,0,Nulo,1.00,0.00,0.00,0.00,0,0,0,0,0,0,0,0,0,0,0,0,0,0,0,0,0,0
Júnior De Barros,Atacante,atlético-pr,0,Nulo,1.00,0.00,0.00,0.00,0,0,0,0,0,0,0,0,0,0,0,0,0,0,0,0,0,0
Bryan Olivera,Meia,fluminense,0,Nulo,1.00,0.00,0.00,0.00,0,0,0,0,0,0,0,0,0,0,0,0,0,0,0,0,0,0
Jean Felipe,Lateral,atlético-pr,0,Nulo,1.00,0.00,0.00,0.00,0,0,0,0,0,0,0,0,0,0,0,0,0,0,0,0,0,0
Ronan,Lateral,fluminense,0,Nulo,1.00,0.00,0.00,0.00,0,0,0,0,0,0,0,0,0,0,0,0,0,0,0,0,0,0
Gustavo Marmentini,Meia,atlético-pr,0,Nulo,1.00,0.00,0.00,0.00,0,0,0,0,0,0,0,0,0,0,0,0,0,0,0,0,0,0
Toshi,Meia,avaí,0,Nulo,1.00,0.00,0.00,0.00,0,0,0,0,0,0,0,0,0,0,0,0,0,0,0,0,0,0
Vítor,Goleiro,avaí,0,Nulo,1.00,0.00,0.00,0.00,0,0,0,0,0,0,0,0,0,0,0,0,0,0,0,0,0,0
Matheus Índio,Meia,vasco,0,Nulo,1.00,0.00,0.00,0.00,0,0,0,0,0,0,0,0,0,0,0,0,0,0,0,0,0,0
Marquinhos,Atacante,vasco,0,Nulo,1.00,0.00,0.00,0.00,0,0,0,0,0,0,0,0,0,0,0,0,0,0,0,0,0,0
Romarinho,Atacante,vasco,0,Nulo,1.00,0.00,0.00,0.00,0,0,0,0,0,0,0,0,0,0,0,0,0,0,0,0,0,0
Silvio,Goleiro,chapecoense,0,Nulo,1.00,0.00,0.00,0.00,0,0,0,0,0,0,0,0,0,0,0,0,0,0,0,0,0,0
Thallyson,Lateral,flamengo,0,Nulo,1.00,0.00,0.00,0.00,0,0,0,0,0,0,0,0,0,0,0,0,0,0,0,0,0,0
Jajá,Meia,flamengo,0,Nulo,1.00,0.00,0.00,0.00,0,0,0,0,0,0,0,0,0,0,0,0,0,0,0,0,0,0
Douglas Baggio,Atacante,flamengo,0,Nulo,1.00,0.00,0.00,0.00,0,0,0,0,0,0,0,0,0,0,0,0,0,0,0,0,0,0
Daniel,Goleiro,flamengo,0,Nulo,1.00,0.00,0.00,0.00,0,0,0,0,0,0,0,0,0,0,0,0,0,0,0,0,0,0
Willian ,Goleiro,chapecoense,0,Nulo,1.00,0.00,0.00,0.00,0,0,0,0,0,0,0,0,0,0,0,0,0,0,0,0,0,0
Wesley,Lateral,chapecoense,0,Nulo,1.00,0.00,0.00,0.00,0,0,0,0,0,0,0,0,0,0,0,0,0,0,0,0,0,0
Jajá,Meia,chapecoense,0,Nulo,1.00,0.00,0.00,0.00,0,0,0,0,0,0,0,0,0,0,0,0,0,0,0,0,0,0
Pedro,Lateral,chapecoense,0,Nulo,1.00,0.00,0.00,0.00,0,0,0,0,0,0,0,0,0,0,0,0,0,0,0,0,0,0
Marcos Felipe ,Goleiro,fluminense,0,Nulo,1.00,0.00,0.00,0.00,0,0,0,0,0,0,0,0,0,0,0,0,0,0,0,0,0,0
João Pedro,Meia,atlético-pr,0,Nulo,1.00,0.00,0.00,0.00,0,0,0,0,0,0,0,0,0,0,0,0,0,0,0,0,0,0
Alexandre Cajuru,Goleiro,atlético-pr,0,Nulo,1.00,0.00,0.00,0.00,0,0,0,0,0,0,0,0,0,0,0,0,0,0,0,0,0,0
Matheus,Goleiro,joinville,0,Nulo,1.00,0.00,0.00,0.00,0,0,0,0,0,0,0,0,0,0,0,0,0,0,0,0,0,0
José Ivaldo,Zagueiro,atlético-pr,0,Nulo,1.00,0.00,0.00,0.00,0,0,0,0,0,0,0,0,0,0,0,0,0,0,0,0,0,0
Malcoon,Lateral,ponte preta,0,Nulo,1.00,0.00,0.00,0.00,0,0,0,0,0,0,0,0,0,0,0,0,0,0,0,0,0,0
Paulo Henrique,Goleiro,goiás,0,Nulo,1.00,0.00,0.00,0.00,0,0,0,0,0,0,0,0,0,0,0,0,0,0,0,0,0,0
Wellington,Zagueiro,palmeiras,0,Nulo,1.00,0.00,0.00,0.00,0,0,0,0,0,0,0,0,0,0,0,0,0,0,0,0,0,0
Vinícius Silvestre,Goleiro,palmeiras,0,Nulo,1.00,0.00,0.00,0.00,0,0,0,0,0,0,0,0,0,0,0,0,0,0,0,0,0,0
Túlio,Meia,goiás,0,Nulo,1.00,0.00,0.00,0.00,0,0,0,0,0,0,0,0,0,0,0,0,0,0,0,0,0,0
Jailson,Goleiro,palmeiras,0,Nulo,1.00,0.00,0.00,0.00,0,0,0,0,0,0,0,0,0,0,0,0,0,0,0,0,0,0
Bocão,Lateral,goiás,0,Nulo,1.00,0.00,0.00,0.00,0,0,0,0,0,0,0,0,0,0,0,0,0,0,0,0,0,0
Matheus Galdezani,Meia,sport,0,Nulo,1.00,0.00,0.00,0.00,0,0,0,0,0,0,0,0,0,0,0,0,0,0,0,0,0,0
Kevin ,Lateral,avaí,0,Nulo,1.00,0.00,0.00,0.00,0,0,0,0,0,0,0,0,0,0,0,0,0,0,0,0,0,0
Paulinho,Meia,atlético-mg,0,Nulo,1.00,0.00,0.00,0.00,0,0,0,0,0,0,0,0,0,0,0,0,0,0,0,0,0,0
Igor,Zagueiro,joinville,0,Nulo,1.00,0.00,0.00,0.00,0,0,0,0,0,0,0,0,0,0,0,0,0,0,0,0,0,0
Jesiel,Zagueiro,atlético-mg,0,Nulo,1.00,0.00,0.00,0.00,0,0,0,0,0,0,0,0,0,0,0,0,0,0,0,0,0,0
André Baumer,Zagueiro,joinville,0,Nulo,1.00,0.00,0.00,0.00,0,0,0,0,0,0,0,0,0,0,0,0,0,0,0,0,0,0
Breno,Lateral,atlético-pr,0,Nulo,1.00,0.00,0.00,0.00,0,0,0,0,0,0,0,0,0,0,0,0,0,0,0,0,0,0
Paulo Ricardo,Zagueiro,santos,0,Nulo,1.00,0.00,0.00,0.00,0,0,0,0,0,0,0,0,0,0,0,0,0,0,0,0,0,0
Lucas Macanhan,Goleiro,atlético-pr,0,Nulo,1.00,0.00,0.00,0.00,0,0,0,0,0,0,0,0,0,0,0,0,0,0,0,0,0,0
Bruno Grassi,Goleiro,grêmio,0,Nulo,1.00,0.00,0.00,0.00,0,0,0,0,0,0,0,0,0,0,0,0,0,0,0,0,0,0
Matheus Pereira,Meia,corinthians,0,Nulo,1.00,0.00,0.00,0.00,0,0,0,0,0,0,0,0,0,0,0,0,0,0,0,0,0,0
Kelvenny,Atacante,sport,0,Nulo,1.00,0.00,0.00,0.00,0,0,0,0,0,0,0,0,0,0,0,0,0,0,0,0,0,0
Rodrigo Sam,Zagueiro,corinthians,0,Nulo,1.00,0.00,0.00,0.00,0,0,0,0,0,0,0,0,0,0,0,0,0,0,0,0,0,0
Adryelson,Zagueiro,sport,0,Nulo,1.00,0.00,0.00,0.00,0,0,0,0,0,0,0,0,0,0,0,0,0,0,0,0,0,0
Ygor Nogueira,Zagueiro,fluminense,0,Nulo,1.00,0.00,0.00,0.00,0,0,0,0,0,0,0,0,0,0,0,0,0,0,0,0,0,0
Julen,Meia,palmeiras,0,Nulo,1.00,0.00,0.00,0.00,0,0,0,0,0,0,0,0,0,0,0,0,0,0,0,0,0,0
Gabriel Leite,Meia,palmeiras,0,Nulo,1.00,0.00,0.00,0.00,0,0,0,0,0,0,0,0,0,0,0,0,0,0,0,0,0,0
Caique,Goleiro,corinthians,0,Nulo,1.00,0.00,0.00,0.00,0,0,0,0,0,0,0,0,0,0,0,0,0,0,0,0,0,0
Naldo,Meia,joinville,5,Provável,0.82,0.01,0.80,-1.16,1,8,0,0,0,0,0,0,0,3,8,0,0,1,0,0,0,0
Jarlan,Atacante,goiás,1,Nulo,0.82,0.00,0.00,-3.30,2,1,0,0,0,0,0,3,0,0,1,0,1,0,0,0,0,0
Charles ,Goleiro,vasco,3,Provável,0.82,0.00,-6.00,-1.67,0,0,0,0,0,0,0,0,0,0,0,0,0,0,0,3,0,7
Henrique,Lateral,coritiba,3,Provável,0.82,0.00,-2.30,-1.77,1,15,0,0,1,0,0,0,0,1,4,0,1,0,0,0,0,0
Fabrício Baiano,Meia,coritiba,3,Provável,0.82,0.00,-2.40,-1.90,0,3,0,0,0,0,0,0,0,1,5,0,2,0,0,0,0,0
Bruno Edgar,Meia,cruzeiro,2,Provável,0.82,0.01,-0.30,-0.40,1,1,0,0,0,0,0,0,0,0,2,0,0,0,0,0,0,0
Thiago Maia,Meia,santos,2,Nulo,0.82,0.00,0.00,-0.30,1,2,0,0,0,0,0,0,0,0,1,0,0,0,0,0,0,0
Jordi,Goleiro,vasco,1,Nulo,0.81,0.00,0.00,-4.50,0,0,0,0,0,0,0,0,0,0,1,0,0,1,0,1,0,1
Pedro Botelho,Lateral,atlético-mg,1,Nulo,0.79,0.00,0.00,-2.10,2,2,0,0,0,0,0,0,0,0,1,0,1,0,0,0,0,0
Silva,Meia,internacional,1,Nulo,0.79,0.00,0.00,-1.20,1,3,0,0,0,0,0,0,0,1,1,0,1,0,0,0,0,0
Gustavo Henrique,Zagueiro,santos,1,Provável,0.79,0.00,0.00,-6.60,0,2,0,0,0,0,0,0,0,0,2,0,0,1,0,0,0,0
Lucas Mugni,Meia,flamengo,1,Nulo,0.79,0.00,0.00,-2.30,0,1,0,0,0,0,0,0,0,0,0,0,1,0,0,0,0,0
Danilo Pires,Meia,atlético-mg,1,Nulo,0.79,0.00,0.00,-0.80,1,1,0,0,0,0,0,0,0,0,2,0,0,0,0,0,0,0
Eltinho,Lateral,avaí,2,Nulo,0.79,0.00,0.00,-2.10,0,4,0,0,1,0,0,0,0,0,4,0,1,0,0,0,0,0
